-- MySQL dump 10.13  Distrib 5.1.41, for debian-linux-gnu (x86_64)
--
-- Host: localhost    Database: pudu
-- ------------------------------------------------------
-- Server version	5.1.41-3ubuntu12.10

/*!40101 SET @OLD_CHARACTER_SET_CLIENT=@@CHARACTER_SET_CLIENT */;
/*!40101 SET @OLD_CHARACTER_SET_RESULTS=@@CHARACTER_SET_RESULTS */;
/*!40101 SET @OLD_COLLATION_CONNECTION=@@COLLATION_CONNECTION */;
/*!40101 SET NAMES utf8 */;
/*!40103 SET @OLD_TIME_ZONE=@@TIME_ZONE */;
/*!40103 SET TIME_ZONE='+00:00' */;
/*!40014 SET @OLD_UNIQUE_CHECKS=@@UNIQUE_CHECKS, UNIQUE_CHECKS=0 */;
/*!40014 SET @OLD_FOREIGN_KEY_CHECKS=@@FOREIGN_KEY_CHECKS, FOREIGN_KEY_CHECKS=0 */;
/*!40101 SET @OLD_SQL_MODE=@@SQL_MODE, SQL_MODE='NO_AUTO_VALUE_ON_ZERO' */;
/*!40111 SET @OLD_SQL_NOTES=@@SQL_NOTES, SQL_NOTES=0 */;

--
-- Table structure for table `Category`
--

DROP TABLE IF EXISTS `Category`;
/*!40101 SET @saved_cs_client     = @@character_set_client */;
/*!40101 SET character_set_client = utf8 */;
CREATE TABLE `Category` (
  `id` int(11) NOT NULL AUTO_INCREMENT,
  `name` varchar(255) NOT NULL,
  `name_es` varchar(255) DEFAULT NULL,
  `name_sv` varchar(255) DEFAULT NULL,
  PRIMARY KEY (`id`),
  UNIQUE KEY `name` (`name`)
) ENGINE=MyISAM AUTO_INCREMENT=3 DEFAULT CHARSET=latin1;
/*!40101 SET character_set_client = @saved_cs_client */;

--
-- Dumping data for table `Category`
--

LOCK TABLES `Category` WRITE;
/*!40000 ALTER TABLE `Category` DISABLE KEYS */;
INSERT INTO `Category` VALUES (1,'Boots','Botas','Stövlar'),(2,'Protection Boots','Rodillera','Knä Skydd');
/*!40000 ALTER TABLE `Category` ENABLE KEYS */;
UNLOCK TABLES;

--
-- Table structure for table `Category_Product`
--

DROP TABLE IF EXISTS `Category_Product`;
/*!40101 SET @saved_cs_client     = @@character_set_client */;
/*!40101 SET character_set_client = utf8 */;
CREATE TABLE `Category_Product` (
  `id` int(11) NOT NULL AUTO_INCREMENT,
  `product_id` int(11) NOT NULL,
  `category_id` int(11) NOT NULL,
  PRIMARY KEY (`id`),
  KEY `FKE9872EAE14C260D` (`category_id`),
  KEY `FKE9872EAE3A065DB4` (`product_id`)
) ENGINE=MyISAM AUTO_INCREMENT=18 DEFAULT CHARSET=latin1;
/*!40101 SET character_set_client = @saved_cs_client */;

--
-- Dumping data for table `Category_Product`
--

LOCK TABLES `Category_Product` WRITE;
/*!40000 ALTER TABLE `Category_Product` DISABLE KEYS */;
INSERT INTO `Category_Product` VALUES (12,1,1),(13,2,1),(14,3,1),(15,4,1),(16,5,1),(17,6,1),(7,7,2),(8,8,2),(10,9,2),(11,10,2);
/*!40000 ALTER TABLE `Category_Product` ENABLE KEYS */;
UNLOCK TABLES;

--
-- Table structure for table `ImageFile`
--

DROP TABLE IF EXISTS `ImageFile`;
/*!40101 SET @saved_cs_client     = @@character_set_client */;
/*!40101 SET character_set_client = utf8 */;
CREATE TABLE `ImageFile` (
  `id` int(11) NOT NULL AUTO_INCREMENT,
  `content` longblob,
  `fileName` varchar(255) DEFAULT NULL,
  `type` varchar(20) DEFAULT NULL,
  `orderNumber` int(11) DEFAULT NULL,
  `smallImage` bit(1) DEFAULT b'0',
  `productId` int(11) NOT NULL,
  PRIMARY KEY (`id`),
  KEY `FK43140D57542F4228` (`productId`)
) ENGINE=MyISAM AUTO_INCREMENT=21 DEFAULT CHARSET=latin1;
/*!40101 SET character_set_client = @saved_cs_client */;

--
-- Dumping data for table `ImageFile`
--

LOCK TABLES `ImageFile` WRITE;
/*!40000 ALTER TABLE `ImageFile` DISABLE KEYS */;
INSERT INTO `ImageFile` VALUES (1,'\0JFIF\0\0\0d\0d\0\0\0Ducky\0\0\0\0\0P\0\0\0Adobe\0d\0\0\0\0\0		\n\n				\r	\r\0*\0\0\0\0\0\0\0\0\0\0\0\0\0\0	\n\0\0\0\0\0\0\0\0\0\0\0\0\0	\0\0\0!1AQaq\"2Bb#	Rr3$%႒4sS5eu\0\0\0\0\0!1QAaq\"23#BR4\0\0\0?\0\0@\0@\0@\0@\0@\0@\0@\0@\0@\0@k1Gsկ̗;F|\0ԭg5Ve&\0w\0.yvN=Ƞ;C^Aok\rk&@r7T^e|H+//Yb8C\'a-JL>)\'{i z饬٩Rz$K*5eo缰olXV~NOt6YDXTt{y?\r?3K}OsG[UNt&cg8akZP<=jkܳ{gǾ9er178Kn=C/ GBK야rgG>hfݘE9`8izm\'Ya!:؞\Zym΋Z\'^QԨοyw K%k.ԓ!u.v=\rtР*U\"{x~l`>L>wo+1O\"\"\0Kioo\0~q9\Zw[-݇\'RFEql_(@\rMtdROgC	oq<b+\0c-L@lz\ro*2${Tm5cƱw\\wI/_#96*[[-JBm=&E&HvMhU9*g_L՞k\0kcr1{6i	\0	eB^E!7:)c8FV湮i\ZGB\0 \0 \0 \0 !q\\2(xLD.y 9\0?yΥ\0QݺƬ1rtGϫs5#2ۈZ]8{|k^2Zio\0CjҎrc2G`DX0XL?i?uVy=:Xn9]~*ִ29\rk\"kt&<@PLF>lI+\\\\瓩ɤll,;yf\\m6<lcw;BadSFxB+{dsW׷oRWiP>ZѣZѣZ4YE*\\Y_$61CqqtW4hhIKLӍ2\0!k`C,ˀi䂟ٰ~:ժR<R>d\0ֲG@csGJF8Oʳ-bf:LBG\nm!ԧ9R69֎kPpROϬbp9<-=1dtﰅq<F],8zޚK<Sp˼~J+[,30>79)Ss@@\0@\0@$\0I \0*I@y\0|={=6]\0;\n֊\\M\\VܿfZxW#m~\'G-25>+PtFud9-S`(G*L̗{[ok\"#c[QV\\kٚMBuSRapH[I;k>Ɇ[㶴j],`Rk،\Z1,8\r:Iuy)]_pV,*P*^cֲ__J,G5eXm%R%V6S\0l=Sf3[g힞ؼjCw,jQ:x~o-&Eަ1kt8ϩjQGw\0মMRkBZ=p\"?vǓ^d9q8=}f*Ɠn{^48v[]|kBb6D9Q/2VH\0 \0 \0 \nk^4?ǛKgǫ뷶x5mЖʬǊw(d}ƲK6?<\05#k:V{\'!qQ[/ݳoyuIYJ44}\0՝sO/bR	zv\"\0R\"{ol\0tƢ4)s7DWTsl\0,)k.{|I.*~lWp\0>_6)eۻgifd|cw~{3)vFƁFmhX@Ό\Z=|4+u\"`$?oQJ9hE0|#\r|IhSYul!h^\ZGB4Uc!&B\'[\0Y#k(\\([9+j>.9\\ \0 \0 \0w3\0q9ѿ+fhD6wc\ryYyc%@;sg	q2\\꒼4>nڌhVYf<int5e5vס極J+ʒIq#w\'q%yI8pO&c	sk%niEAY|T>p[^;5~Y$Tv:b\\W|ֱ\0:z*p[u.a5y*s9MF:;+Jk>.qĮz;S\n[qwW==^M(qZ7\nT)\"Gܜ1CuHz溾⧱/q,8~7\nYik5(*ivš٨K>+&z\0mz\r?awq}-%Zb \0 \0 @ * <w;\Z1{??wҿ\n/v4FϨO>_I\Zk	dķ(kSioIU}>gYD\\\0	z$YVkSSէV)YL;vyao3ǁq5/4׾K=%[qT\'bXLt#4H$[Mj}TW(ca P\r\r*M$@4OgrC%A;ξU}H`D3c1~#Z+Y4=Xfn\0l?#is?r^!\0 \0 \0 1./5m>SRAr^g{\\b~_oU\rp\r㢉jєquA\0\Z=Or @\rҊx\';Y)s|*dL޾L̟jbCY,=kz\0h?!\\K]OU.X}4>?IcFQhR9xNߕr,r&*OMzSlWgcX#jb3yCȫd3![#G])QBFA$TBaw\ZK>=uI\0T໘m[\'Թ\0@\0@\0@G7}ͬck\\a\rw们x4\'\r.c}+NMEJy|4B[rҰɝKFV#Jd2P(6cxj {,ó/wE`Mw\\LKG2Ku\Z\\O%Y\\e;iUحqTT+RGt`u$HȽ#YC3dͻOī҅+{0?|dͷT]ϑ\ZVQݏQM\0S!G7G.9\\ \0 \0 \0 :W$ߔd^ڊg/1#K~G\0YlN=rbF5>gשuȁR_5fJd**\nsF0}ٿ	mp\0Tq;ך--?SQR3\niBd{j\nSS>\"hz|QEszf3OқK_ȣ\r˅oZChljoᮔ+(d;m\0\0se}zR\0@\0@\0@k}0\\v$˻mĵp=ߢyZi|XrfkЮ\ru=gܔ^SJtYZSdX{U-tm&CONj}\ZR9FBk=?3e]Q8$p@\\r҇z)|h(Nʶ+D2sөI+Q(snw_F(?zAA[L<7\Z}tEH{2̈rMõݒjԎݽ?#q<Wݗs)\0@\0@\0@ׯ	Ǜ۪|asMe.oW>6ԼG^|C4lFwGi*2S)NQ	r$7V7K=\noTr\n.ZRF.Z\\=縱].\"}\"a[^L^iMy8?θ\\u),>wB+ZA-]z0E;\nP!19@)A>nWU8?~pԟ7vv\"I]VQšݷ#cO+ԸTp \0 \0 \0ϯ{/[~$3ua˜rךgKx5YH;v+@JR\\ܽrns\\)qq\ZGP|\Z4e%i{OQZb)۶]X*IWu%LWav̸aw[T9QO*^6$r!d,wwQ.u%߶eQU:JbLb`tV7$JY!{&SO$Y0Lf]hCJ[UwQRIθcvk#xЍo\\0)K&퓧.nwP5j>/5`\0@\0@\0@\Z!\'i\"\\E>V\\ͯ*lT:l2\"B>V[H´PEH+ߓ{lh.kZhVaoAgW9\\`Z.RRTK);\'Jt[[+Tuwfa·]5S\"&\\*A\"J2ij~X,:\\O^~Si==\\8A3~Eu83b=]FPT\"޾[sjiV\00qaڭq+98ͯ+G\">}I9XA3ݍj\\UE_dч2k_s@ZطxDv\0WEw#ǧ^b2eŮ=yx6E-yC!䟙k)B\0 \0 \0 ^Oٮa k=\nЇ=Q4PǕ/\"ރ}Q.hÛ<ֺ?Ru\nqjɟCpK]Z7	gO\\OUۂU\r#r䞫N~E5O-~!f!wƞ\"dUd\r휭NWVYw6 kC	`llɯTUΦV^ȹƷt.y>Z3rNDX+{k:+6&\Z$\rVKΞ+dc\"\"+u^Lm\\ٚCafR.[3nϕo[ĎǨ;p92-<ex˟Sdnh\0@\0@\0@콫o9;\'\rͼ7IGڱ%UCh42GY_f}M4>2!ť\07>>q\nR~:!#kBCBAH]5w@&GBL%C7vZ#[_,-ŬHʊPmk*ˎ2;V@\rQNZvNMOZy,*H3B<RV$glry\nu$;k@hYdɎ2&םϓx\r֚,3x\'>gs4ֲHſ#`F@hԞ,\0 \0 \0 ypܮ6=A~iOu(};B]Rf烃SEMfM*Ӣ%)A/\\h)D2;(fg%w8hjτ巐4=6AӄjCB5,4ctPtjVMrЮe\\\\jG}K\\ޥKvT6>MOZ#fctk\"Bfps9΅[Ehɞ#4o=?/_%$/cݎnvNž+UE[*g:ZYz\0@\0@\0@\0@t7c8w3`20~Z%G(ȑn>xp}4(Na\nv/L^i:\"S+kUj9]%Y9\0Yf-XX-pى=O݀ަ櫓$/CD+i4ƝhhGB+VO[8G#T\"ha#iҤue,%l\rrDZi`۾qM-]\0u\\EfG{kD \0 \0 \0 \\PͦH25t.мy/\'n,g:d3ҤЮtVfn=8PT%MYNdiφTȭ\"iƁ0J]њ5\\citsи+z. \0$\0,Ezۋzר\ntMؚ:2luhzh\0:(<#m+M(KGn2\"{yQVI\rwyn-Ѷӝ|Rwsgw+L \0 \0 \0 Os3|-ZxV)\0\0{g\0X|:@|5=̸\nSU=R¸<ԓZ+J%)8>nZN84Њ,3Tlf~Z2|ax?^wKKԀWܷAZ\\d2QR|R\rzFR&$U\'x4d^rnߕCR<h`Z[g	?JDCVνڱy{,p\nۭsW<@\0@\0@\0@^& \Z+k,,u?#F=\'ԩvK:c䰏EDZ^eCԚnDƵVJdt?ehU\'`oS-?iXz3GO\';uw{W/R5[\\k]<V;\\5Ě=jQv>\ZPw=cAĖu$bRKKn5ffcen$}rJ\"\'s<~Xcg!Țzx$%c4]>o^gq+y \0 \0 \0 \r.ǶvwtWy	c3wHw?LTΎy;SQ=_󀴼;HV-NQ#+HdtHV{|\rÚ23B4WTl#e;xLg ~ui\\U%W\'/vBik㯟T[ruݢڤhk(IQSfb\rV+6\'h::5*feed=+;f;ϔuUJڿwN>RnغY>\"חp\0@\0@\0@\0@\Zwmiج9-el.~?yi%?S][>#]zhkBp%8#_95ySRTP7ZG:&^q犺V#e[K&GIm#E=Tj_䐟JNIjd\ZVy~Ŕ3xw<{hoWSVg㡷ބsHdrfkzBEh(I-Vs+GW26t]X[\0/0rEI+~Nw<\0@\0@\0@Z\"<hTYL18Ek+\Z/>EI~\'W?QPf[UƆNdKIVQθEH\ZI\0ȲK[Cj\\Ak$a4/>m|?/֍P~\'[>JT9<IdJ\'&sm}oKZh:\'21\'G=3WH>f16O%sS\rhqdl\0\Z_YoT\rZ[I@aT%wF]ykM*HUq#c[i.\0 \0 \0 \0 47뇒:|?ŋ?y3%qeʏs+:Fv\0#v+h~,0wq;lWPQ5/s~>R1u莥ɫ\"4ːYlg\Z\n_TVe{bV>sӮz\"&6h\";!a.}wZ=Ʀ`񌳻!1]=Uϼr:*j31mPB\'ݹ/\rvP5о\0tԬIp}?VXh[<R_~>76J\n\\){QlOHOMh>jb͋09`m\\e MK}&8t RƝJ|2Cт\0 \0 \0 8k-r<n.ܼѬ1U{#hAJ1ճ[9G##\"o>>5VW)`v4G|^c_0Zۙl/{HZ%a˩N>5k=;窅$W9#UnIJ.N5թP&,rwZu#!&85ڹ\\ETGoCҬ=c1͵C%:\0CGo7E}|ddkM<4ZFdyih5g7I]a鱍6?C=KCJMգ=cx|,u@h=\0\\[4sKsq>8=&wYƴÉ2ltft@6*\0~-I+ъVMؔC\0 \0 \0 ĒGoW8it8ִ\nI\0bGwĭnZ3yBHΌi\0u^e;?m<~{U4]<M؈1\\ZaO\r\0<-ƗWӻܤAi3c.`\0hI?:iJ2	$kjk\0VC,@r3#:h?k)ʓ)l?r1^qS)D.\rLw$^gg%^\0VKVvÓq9y2e\\TNݴ|t=\04*{2]ND-X䩩Լ܈ԸcY@d&xRWݜ%k13̓Dq5U6b1Kz8iDl@#x\ZY0ϫ.ne]^Q̶Ew[PhUd-?.nj︙ը^|?dhu۰77<8<eѡ@PcF^fpbQgw؞  \0 \0 \0fsX=26Uf[⍣ri*1?C깹9|ּ^酷<R֛IkGj5Em8INpi\ZhDꇲBEAk 6ſ#w_M\r\'<9ȵ̏s\'AU.w*oqpG8`\Zk@@:++BuC>Z$3WOU@9\\v-1@\rK+d.f/:3uG<pE\"{4$x.]#ƷK,׹(Fǋ86(-a=XimOQ<G)|ݚ	}~\\IT3ط{\"ꪎ\\-Ե[Ek{N:*ts^x(ǟJ\0趆ces;),!ZI}=W	i4l:<^7i=h|)p~rwr5һmx+ZqKܚ=;~b<$G)d@\0@\0@v;»Yct	Ag !mko\nө\'tϧXlMEѼ;*&T4InoĤ\"uȧjg9\"9˿T7{ASޤqhaٵu/-\0چ[ԣl,X.OsD9eoa&QXRdN`y\rWS(IPn$lPH@UF*|^?f$iP)T36~\02Ų4ކ,iԟC243qvdg}~)Y|RT[~nZ㑿)|O^GPѵy9JMH\"vBOW{)!\\jA\'CB܊U)7Mܑi\Zj?2lj	߇S뻠S<Xo)ZK{Yuسi+\'ŽEfoom4h\0\0tV\Z)86+<XOwQhol%+a(k䨙cVzHs{6E*mE\0ܗI \0 \0yv8_nL>\0npԒD{\\GCv-61.^~էSA{˲6wFɸWȄr]Fikj;Ckk-Y7\'f];%qHz5qRMBQl@./mcݾP*W/[^Ki$&#B{ۑ!n-4-\'QEΜZ{.2N/B͑KGWy*ireNr\0$5\'Ezݳrt1Vػ}z/bn׋(ܻSXZp6 Aԏi=\0W-Pi2C}bɒmd1\'+L4\0/38˝eWvٮ=V<Tl0RT(RQsqq.M՝0P!wWX\r-я4ieZG#Tswl5 \0rXC[{Gh}:OtUr~KRw+ZTԅ/֐!IR$Պ%3P`.Ԏ$U{Llc4peUg:ԻΉ8Wk]AT]Eyܳ=֕>aIubڃDz$f>#X젎314}z*\ZN-d@\0@}Iw#ۜf36zӕP7KV9+>\'s;dEFS;=G&Ns#G4rK\0W.sHqjI5vSڷeƐ\Z95{)ͽEQ\\ASȂJ$rLa8)$q$k%i<VW/-q4[aޡĵ3iȻӅvӢڎ:D;?\'ɹ؎?\r)ҌVڮ_ɦ%UtY%82ˮ\n23cn[}w9}?<\r\':K;y6)\Zݯq7P\nqrmm%\Z\"vYr6Ls^:C5KR9=+R\\\".sK5ͩ/m\0Ik93b4E]I\0|j)UЖQЯ/m&qWa:\"q@^*U#Jfm\rjAX%#/WeztF\nk0uQPrY\"v\'l$P6~.:ʴ^fk%˱Vw9_w\rԓAAkZ[#kof\0/=grÊX2g7I4ä@WڭbJsu0@\0@ҧԿ}pٌʃ/\0-yGNv0-(z8OZRs<1gv>jr:vi웯^h+ҋ04smKZ]Sc\n7P<V/ м/:VEE,gN[b2t+,KJd:ԍ_;elw~\ZC>\"f6d2q-K+,p\Z94h\0Hs2\0u;U=,zXt\\|\"p/.[k,ZUJ$?(Rʷ_2w[]ݺ!XdZukCfTz\0rZb1vw\0ܸҕN%ڵKSI2xWޭGb4q(2\\@\0RF-FK,xamh=WmY)1+[9qKQxѴ4<\\WB;#z-Yu Kus/X`&(`@q[tHJɺJlV66Z\04IH+bp\0Csy3[-{eLJo[\nR+0 \0 ZW/÷g2_\\b5iu|WI 8EvʖUqo\ZEњwnCkiECw|YW]\n*uq)D{hiED~\'Ƿl̔f^054)|q\0nU\\K+Ƈatݺ{Vj\ZW3|>w<p|nMF[QM|#\'FTw;}WRL2z3(g^+T=>.\ZB)~ol3M5mTt\ZEiP[MsKscl&<C*z\Zԏ#\\/H`~gQE^M&.{He,`G)Џk\04mr*|cjUv+egۺy6FN@WmQ*J/0K|<#1O]828Y-\0SczUؠs&DiW>ICbYx4g(Yɲ/\r2G~HcoW=\08TWORK%Sˑ!u_N:4WJT)ݹe!@\0@b+n_m]eՅL\Z|p\'y}p#[d7qQ\n,Q)5~[cvkzmMd|*ӡ(9u%Xo/0ݫÃ<X@е\"GfÓ~%iaca(b6_ ɩV)k/	;<߱].\\\\uUn!`ŅUZuu{k-/^	Cdq<9SAy\\9r=;]Z4;|9kISMh΄T@&vȜ?Dz)xhh>nZDn]S4Y%h@<Z4wLY΄J^w*|c${NWXTsg2[$4v6REY]PYye~\r! Mzi\Zn=&rjfv/>g]t=mP9zFd)p^~wםKr\\7㥵Rw5Ȋ(heVD{9B[<\'5f$qi=YneJFV{vǳݲ	w|3ıX.M \\\\\n:NqR$u,\0@\0@\0@\0@t{m||87\'mkS7*L_BT4+[Jhzzݹ7\0(kk&3{y]Xϫh#OEõfiQ3^QK&@Iq#m,gvKWn5kFg}Apf?,֖=0Թ󩡉O	dg^` AQ7))d3\',ⶃ|J@ձ41\'[~f0X[FO7VW3ᩆrsLۼK!3a|DOiqYq\\**:۹r>?콿w{_\rooÛq6O.*.nl}j]Me>nb0 \0 \0 \0 \0 :H{f;ۛ6Lk1m[-3Jҡԏ8[<8gl\\Z8|7P1{r\'\'B1PSkdp_\r?C:̹\08raKhܕwJ_?ŇC6VbG>ЊYig.\'ip#d2ZOUnĉ\02W*Hذ]эO8]]E>~9o6\'WػiHknc[,xi/_&Űq0\\^ȹ\r%B\0K=zsgeFtDO܌5ujf! \0 \0 \0 \0 {ac}FY$k];\'^O^?\0V;26}5uL\0Oэ\0#\\++;L9\'n%lk=_cT8Y6+`Gh\\q0BY	CZրִ4\n\'\0@\0@\0@\0@\0@\0@\0@\0@\0@\0@\0@','1a.jpg','image/jpeg',0,'\0',1),(2,'\0JFIF\0\0\0d\0d\0\0\0Ducky\0\0\0\0\0P\0\0\0Adobe\0d\0\0\0\0\0		\n\n				\r	\r\0\0Q\0Q\0\0\0\0\0\0\0\0\0\0\0\0\0\0\n	\0\0\0\0\0\0\0\0\0\0\0\0\0\0\0\0\0\0!1AQa\"	2qBbr#R$\0\0\0\0\0\0\0\0!1Qaq\"A32Rb#\0\0\0?\0\04=T}B|1wu{o c_?@bˑ*JTBfռvS%+\ZW.ChC9Ա:^⧪l*ػrcn<;Y=l,oR鱂=VOɗa5tv.;YȢlAVƤGBo~6Zw?(MFgyg}]64O!&:V!Xs\\S0z!I趯Hu^e:Ϥr<vw!j:ITjǱZk,@ZBЮPU$Z\ny(+P\n@(:we!RZ|\0{AV>6=hSe%$ʉ2Z$)dK֩넩J=I5%+\'VveF[`\"\\vÎD̗H$XjH>ck^J\0:TY_i=T~!pqb7uP=I=jzKյJR=ju-=mvZBuxVOkCfny܎(\0Jp܏pJ\"ly$#U!\'\"oJ?|y[r:<\0Kol=\\s1$\rnA=\n{\0Vu,+1-­}mUIGNIn(5zq29Z[̀a@(\0r=vT>hxh2WTFVS?ko:e<V%@6S9(M{Â|7beUNݷ14O?.O@V=Jb}O|B(\0QG%I+Mg=io\'FP\n@pM\\^b<7flk͌OǣBU5ý#oКO3On$YI}~e_-7CL\"䂀u>*-BCjYH(x\0jT]\"@kOc\Zbl4\rs`oklB+b1[{YWSP\nSZвOI8YT%csT^;?M?z\'C쬅,Stq+˵sxєZIuWnsvudzdǒ6Km!>bW\0=*W\r\"-#&eFEiC→Z*En0dٯG@(\0)>ic\Zsf筦㔛u%L,	5QUN?.3oC}\r6_[ ۸X\nKjh8Kl;!\\!\0[xUv5[Irً^z4ًO̠2o`vHE1PQyņ䲇Ra+WXT[L\0d6-[.z_\\/!icQ3+|\re|\\sv_uHME?12dnY?e6Q$7rmWqmF*h߉/yI[qX&!6)n|\rjL\nw!B\'^\0e?)euܶ%^\Zb#)1IqM;! @\\d,8mW|=J;n-c0]GtP\"2MVs,qխڣB΢YqZ،~n<7Aq@(=MHx]C	sq]=y)t2hyD%)7P@JIZ*^RnvpWmo1+#3*&͜[yj;Ug~x%\ZSQZObMU՟ʛm(]k(}+YUI4嫶w5O\roOMy5LEd)r\nHRIZOj\0[er^S_!yqrlXu)yxI`9u)Q$}x~NgoN̼/){ޑ)!S ؟u]G()\"Pb\\:Ƴkqs8l\\{j\0p[EF).5rnrrzYWHYt0cUCDy_m>B*޸Vpq/j\0hx!P>\'q\r$IO^^\'\Zť=ۚSNX輣??).&kh8y  )Wp՛}M\nl4~!vV>޲hp	N!\03 %#Mwd[7ӟwke3!\r:\\]Ld;B	J_qP[[9HZ)3}JwX#%NgJ?m\rF>߰>Ep=1a!*#RTR J䥥U^P\n@(\0P\n@(','1a.jpg','image/jpeg',NULL,'',1),(3,'\0JFIF\0\0\0d\0d\0\0\0Ducky\0\0\0\0\0P\0\0\0Adobe\0d\0\0\0\0\0		\n\n				\r	\r\0*\0\0\0\0\0\0\0\0\0\0\0\0\0\0\0	\n\0\0\0\0\0\0\0\0\0\0\0\0\0\0\0!1AQaq\"2BRb#	r3C$s4SD\0\0\0\0!1AQ2a\"BqRb3\0\0\0?\0@P(\n@P(\nBE@f%BPP\n! D$()L `\"ƙqFKGA@P(\n@P(\n@P(5R}N<I<,n\nJqpl?e.zkNn59gw\\\'0ڬ#ZXi2$jP\n#BGߛfWO_owط?;mRՕR-W.soѦb+Ļ<1c!ǹ8kqco+&BYUKSz;ZRtowk~ƅ_S0<ʶ	lGﮍ>f;\r6xv/ƾ;>ax[8&ÙF}B$d4I/tIkuײf<ޝ6;rd{[eHۓ!ICBuEku}?NJzG0~C/	 X[mia>\\d#TEBI$<g᯷\'wO`eAHL\\KlaM^L)OqP1)J4D\ZY@3WqnJ83t\0Ȋ\"KRQ¯IW?W;qu	(\n@P(\n@Puݍ4S]gxBpC7~\rW\\\'Nx\Z_~*朳52ӲL1?\'!έGq*ZKJoknb&F{25!Vzۮo}ytIh\0H\r<+-g5{x~ԩiwzttA.vHHJR޵k㧲YKWc,Wq)6!kJZenN$ڻz~L^kRy_0r~ji%	!\r26Rvι÷eۚ68ճpiʿO\n{:KPSPRo%}6BQJ!MIPRbUطg$_f]q]%]VU2q\ZMO!J@\'mZgX]1z1uz1\nRG}E\nB6$y\ZXru	(\n@P(\nW~{SؾG1.]p(!V)[bzMeY&[μ[yJ[uj*ZR%-J$I^fv;_E&q\\Ĥ<p`*uʶ2?j3NBrBR.Z&]9\\/Ah8pB-gu߷lk3Uӯ\\q)\rۮ<X:)VB=C(\0U־i3y?>~ۯ\Z\0S9)Ɏ8zs&$ԝM[~QZIIK<>\r	[K>UM[eБ}jEpAD$ʷInWGiQTŒw7<VR*g\ndi;3~Is2sBH@&Ch+YJZoa±׷m\\5ۯY7䙜`$\'o3o?KB^qr/B<+ysL\\;A@P(\n@P(\Z?K?NBK܃7Z\0\nקʝ#qse7qj#ޓe@VWMNv;RiC.[/% q{\0m\0lV\"\'skJJ[i.\0O3OYc#5Tcm%@\\\"_5K=|ͻnkҒۯEgVDkn=M? 8U\\{vggF\r^JG֏?\Z]l4 V%m-¤In΄@,Gs;(|7om/\0oJ$md鶡\'#$fz륒Z|-eFa1c1hCm͋h2H\nV}y֧y,z\ryVC%/_))B]͔n:VbF;hTP(\n@P(\n\r$pߧL\0b^>OUOܧgCf=.M7Fiqt^rL3%PKKD![mk}MkKg@CθuBͳXS.?l%QQ:Ӗ>\Z\Zjw7qFqJZ)Q[ƴݖp̈́PHnfl@WMKNE3x]tʁh@\n%#MI5i.{Ah>J1_ER\\#y}TZPnuAzL/n`_$vJu\\JqM<\0UT\n@P(\nA\\\0NGi}Jz~;<<\"w9+R~}vNxe&ϻ%0NҴq^iJ\"!]MsD][SYCŉ{}=~QM+\ruHZ,*\nl>:NZZJ}s<%r&I#afυ9T|u#ț*oxWK)毺WWKCCj~;DlA\"7}jHJ\n@P(\nAZ̏X_Ѝ\rֵ[)6KD/ԋ\ZisA\r;mJ@H}*<rWPMկX_d!n +(5epb6īVW=\'`DJ\'°б>B)TJ*:گ+$k\ZƱn>\"\0gZ~X+O>Rܯt-\ZU`Kx\0Ok5{\\Ip*TUI@P(\n@P(\Zj¤8em^)>*%` G½YEO\r^WƦ[8M`% 7Jo~7 gԯ_,/΂jɆR\08ݺ<^+KᖾX{J^=k\r(R$Q\0Y2Z,@nOEZLik]\\{<*96R?T$PE\"+廓3MxOGEuh>ʈc=ǜWim\"7$|dM*%@P(\n@Paoئgb;NxA?.Zu}]Wp,U/ƽ/Gyy/RJWu,&.*6Nk(Z̚殭2S%HbS+~yk>-߇ajotLaʺlIVZjHzL,w(\r<q uj:Xm[iYZ^ ^T<)mI>3ecU;aee\0q)u:{0 ƌJ-UobP\n@P(\nA3;_hN9Ty#\\YSq2X)[j+ԑ[<6t!CfUv[YΫpsȽX:d@\n^m=s7rX5)*LE(jo[_%VNtV\\im::؉HEOC٬z\nisQjG@\0\\%\'ʦ+jˎ֑J~vF/?mIkyS[UD\n@P(\n@(TəiISE/\ZdI{PQa*)k^~^Dd5 y+-Zi1V+REƺ|\"HiJ*#r?O+-Y;ܤ,qZc,rS\Zb;)SΝU\n3;TFs[jZׯkXJ$°ٮZՖ\'8*U6EWꥫ=xCOn>2\0P=eHޘTXT)յSwڢ\n@P(\n@PpJ\0I^&\'7=tH$+\'^QGq]M.J>}=ڬݤqqq,AJ@;|\0ƫ	-rq$޹tI똬;\0Z|5J6[O<}\0:]ntjIX$)E-l.5lZcW\n6m{V;FҐu5P1D$=*L$NVC?_l.<?ʙ⩷~D\n@P(\n@@|\0jb+˹fs\Z&ΐc\ro7c\\Wܫ6XspR@H\nAsQ+{KkUL);!:\n޻u#_TckoXZݙqNxgt_yzNi[kxcAe6[[\0٦1a*7\\{کZHBocYէ\"EUgfWW4ɿZ&_uS\"-b./WQ/FRl;׼Lw-;}Q[k*o\Z|e P(\n@P(\n<ąĔL&y`}-䙗5-6\r+8m-^poIfYF^E:GGZNX7.*ܝ\\ѯcSm%HO/VRYQH}	X5u /(AR|V̧Z?\Z3w)V^ֽQj(O*[MIk*qe)\0jRعVXvPMjVEFh`HҦG\0?O\\vR\rHeXǾHr*@P(\n@P(\n\nyiRJB\r|I 򽚌X8[[RmM).(+Zs\\\"bЫz]WhkXG_vk[¹tu.u:²h]C8^~3K!\'	RSkm<3Q`eǡq[~؟\Z\"lV\'y\r!kOnhx6IJT\\#Z}oY֚zso*E+WX8Su\0oӭh-;ω^yԶ\0Q9z\Zov\0qv\0BCiC]6kUI@P(\n@P(\ncA#|+\r85mW<w\\hKB\"-*[!.-}\ZoU5˒%Oۏ\'^t\"\"RUzީ*vZO,%*EVR3	d8ӢNj^XhIu`*\"uOR\\KJ%ҥxkYVVe>@P@?UWRȺ&vJZJt^E*o,ZNmqV#Y6AIj2a_96^PP(\n@P(\nAbq6[\0SNd\0~+S9yu8u|l|1>a$HyuX֚6rvJq㠬X!	&A}$~/(!f!nZV^E8\'p#_\\yujuξ>5h>\0\ZJk$[>&O)]**\0ldYhpX?PR|m557w-TPP(\n@P(\nI.yZaC46刭<XaK)\rνmuZe_t(B0? KjIpIR㮵h*/6umUkxldX>i((cnZ󓸘#hk\\{;\" ^vU\"CU_T\'A\0ʦD[Z+U#[ֱVFE.-\0+=[XI#>/3ɺH-Qzmsꪔ\n@P(\n@PZ1LVRFA*BjZ*uEy~dc/˯Hf<z*+#^y#fLň7u16].[(k\r6ZNqqe_Rmڠ@i<xlBc/[bz\rEoņ\\)V˄\r5-bMISmrT+JE`EThc *B|꭬	(eCUWG/;\'gx99La)XHMc涜Gcq%84!#ͦTt75\\:MP\n@P(\n@Pi||$^K#|<&f2%¡ 8\0	`MoѦvџnؘyr0)0Z*SMx6QJu\rk]yb,nnBzec[jDWd\'jH޳+dc&g!\nAzNeEb\0S8_ҊTym\Zi97689\ZKmdW\rcTH%An \n\Z^=\rSϰ1Y	15J׶bĆO^+92!v-I7)\n>:dFQԂF`ZX_!_;x]\'_.~;z97x,zJ^M(|%Qӹu{8ߝU@P(\n@P(\nîn<iV!)JR.Tt\0\'/(vBSf^NSF6MR@7SZ]\nzo׋.~esiP-ި}ai(R>+P^Җ(\r\\VxYݎ% %z^a?!TWټoh-ٹiM(eutq];yn>V0<HP7 xzWFl}9`M>?(ꤞmuuE	JQm\0ϊXK*Ws{ՐC.Cq@S~ei2,=ͱ0ӫ_u˼1-s^Q0 <a)Ԫ޼\rR}}Gc\n@P(\n@P(1z1٬hqyg&-o-FXJmn=V=*v[5yN/nxf+\0I?r}eG}z|xdDPOwv:\Zn~{e,C	9YEC2+n|8OZVXUY0bn<=?uTS}=\\OIZsq>7U:bĐJBYV!;|\0KE׮~YexT5xޑu!>\Z\'f׽oLF=z\\lćEIN7kg~\"!7MgcEDq{nM0D	\nq\0.A#&vw*%dVӡJl?\nut\"?axLP?̯9r8J\0;ÒܶZ\n@P(\n@PBN/<8MݔY2غZ)5:vy_x0w׼<l·ba8}#F]	@48ϬW<JLhOǻ#P!oړp<kOn\"P\0UMIy_©uիBMk=McAG-\nSlI})\rd{vYavgw\"I6=6%PHm]:\'δkY\"W:?!S>:віH.Kӥnru~(vp4}J$`boUzj=\0ɚo\0/scGlxxEƚ\Ze5&!h%	Hi]k6p3ǡ2_QnI\"o.k0PP(\n@P(\n^x(\0p;L)FHo#xn)B@op螵5Hv<^\\|w뭛2	@ucomӮdK9f7G{ķ$j8+GPU[i\"m|q,*$TWm4=WGRn.. Tе<%r\n#T;YM-uM;3Đ2LY6ڮVqNsoJq.cS3+!eĂ~jkw۔DXmY\n|[	\0ZDuˍu6:Vp44IO58LbB6?eYda\rg돴%Ρ`Z5F?KSӭITe^\0̻o}՟\n@P(\n@\\tZk8^1$\'XmYi%KqkUJ@&dt˽<3ھMSbqy>l0#>mz%w 8>i_27mɅ%I|M$mNGidEVsdCt7)(qHJק\ZV/5ϾBq1XHxaS2_dJ׵˕!)*$ăuv}:k\\yO*:Caope*S(UXGϵtkqHnGRٶ+qh=Lx&>ҋ3u|DI!n%QW»ZvPgFR1֯Cu\0H:uma.VMF\Z.j`<:~NF!A>&9Op:CzZF57K*SVĤu].+_>~<nl>-2V&MšMd=\'e %ЂT6G/eܪ\n@P(\n@Ph\'zG%̽a<cyl|kR@?Zto6lζ: _0v\'\Zmx|HˈTY\'jJV\\u5z0ϫ\\7\"VRk7Л=g.ˍ7bRbД4fRF׮&M[PҙrRen\\,\'O&93-D>]) -fWgG*Z8x\\TBhi#s\\P$ouD^jmA	B\\mn4D`)UM\\1!!H[-\ZGT^i(u,HUj20卙Jn\0	-TߢD֍0D~Z홌$-d!̳GFKZk0LcXn!6UmQcz\0hJmٹ%Ҷ7ܢT/FKy@P(\n@P(>T*ZDM}M}opFŸ\"ʖQ2}HV+}HѴOR+]zDsx]su#ͳ?Vgep	4%Wv\0_Ⴙ782IJ$@ k+}\\zOjĵ[]\\EʾY;YmD,[6J:|fw\\>}TȶgzT=Arq֞YÕ-,,誈3Z0PW5fM?\rYϗAM>Z@\r\'MgqE\"2..\r\0p~5)*Q@؋OM/VCteŨ),Y\'˭n1soZo+ }QǢQkܚRnU4M,ZpRaX:\rh*3f}}POgu`qyl͍ͺ+sR%6W}[i,z2먣P(\n@PG-R*rL$t\rrCdI;*dp~}ڎ2әIfR\\_#@V}n;ϻo\"x.bKZ\0J>j:g扝#WZfxl!2|N9\";	\rlHPk_?_fӞoǗՎ?G4)Y*ʲouv\n$׭6Ƽp,7HDC.@-ZQHP?a7[vmڻ\0\Ze9,|橦ŀ؎=Mm]x\0w͹Pk]k|%\\O3ʹ#*S$:c[[uXg<KgL	441K\ng}87Q7ʓkOaxPc6Nc^ȶm@Үt+=-:/3UʴDu-7L\0	:NyuњQRc+^S&ڮM섺R\r	%:xo6yەscKK>RJHH:{Τ5$L,ZO\n7\'htgE+D\n9xAV؇?qPQtlcyzJϲ\\󇯌\0an|kp\'jJ\n@Pq1qI[8#RTJ>9\'\0zغ\",\"kT{k]z뷸/<ȏ5\\!b=57TܡZ5kL9?x9G\'\\ļT|~\"jxF-@M&.xڢIj/Fƀ-!iU1=R|ƹvե׮qdG+0蒌|TUsߍ_[˜<7f@LYbO4_eW^v\r:d:HPP禕7h}oMZٷіģbe:\"TNF-~TSҺtsvcѸ7\rkÙ2)Dt!P@i5qmV+ʦT7r21\n;q6X˵a1xtuێP\03gg\'R,+ސN@7)Pk|\\:g3(G̅\0\"3j\r*ω/s|&Np9)@vo\\Z!$kmzo;ٕxXo!Hܢ	b?\nU9x[i\n\0V{UELV<WX|Qx]q}gO\\0J<)bҤ\\V?Ymr*nB\nB|_V2?~SYro뿁/$i7wfe@P(:_0vrV81x?LyAx9}X\'^~7L\\^5ygo\r5!n\\!@x$nΜN.Ytn6cVqD:ZS?uZۯ\'Vj;\'1P6a@o\\}z\\Gf]O*r\'d	Vԭd\'@zZv5(|)y	\n%ZT#r\0%^U7$4Cn G+Mteєp|6<%Sa![MWO¼_)v!)l2JGߞKי|[Yʳ9Jm-kZ\roXc[ui<# IB\r)\r1<d޹/nwt:\'\rGyIb\Z]N\0uavJEKPK-4>INVW&ꝗ@	\rǲɪqbGuiLX!X_ޣ5<![zZڿ\\#S?mDj}TZЖZaqIB@HM2$dRbf:|uz.jۤIK%C<+-ʍ;[A`\0R//?a*@s.@8伛h1-)\"6yy2=Sy+y&ꄇF YRl|^b942&	}j?u&\\)9ZH\\UȍFՁIP5؜*2q*+[mN$~\'ݲx!8ȆZb=$i̲-2\',5qnUni7Kx|r~g=s :}4YӈsWÔ`CgJh|gޣ&k3PS*Ztp5>\"jw8ĞC2;LGdORk;^mz^ͤfp{{-:󬅸H+H6V>w~6C\Zd;%)%[B־Y5hd6˰,uhTZi -Z7ܯTծ\\i=.}ZBϼL-4i\'*{a=QgR>j+)\0\0uޠ,*y\Zkן+돡{otKQS\'ٴU=_S1˲bN\":%V>!\nݹڗN5$K+-yPQ}\'N1sє#ۂo&Sb/¹~ΟS;?6e@PEyoqG(z6.VUwo_N^Zd~QݝuҤAU\0UV.+ѻk:ܹ5bWíj\n`GVk_*ߙŦ\\KYCj=woS;#Dbʕ1HB|I|GM	l)1J	is̅j.+5yNA\0u|j&++YǳVNwuF&dSbomݮWת᝸c&b;9ِc)0	JHݴ*װjNtg?߷?Kj |C7JEi&~A)Jմ\\%zXW}Gw8}/w_WGV:r܌~t];NM/\Zo]1ElA*ͣ[Wf^Z6Y8n4CyD\r\0zoyNʹ5G,u=㘙.-Vl/[qQѬzC%9[|a{\"Z`\"e<2+Ld!!*=\'HϪm6?\0@90\\mMu_vsG\\S\r/D,D&ˮەmX\n:<.8).q~\\dem4|RZq|ۗ?<Is9@P(\n	eqܖqRRA_,%ɾ2sݭʒun2XZ字재cOMT;]$-թV\03:_fFL**nD)tT\'uһOԯ79),^$~5mE,Y58Mvu\Z456kpw\\G7%q%dxX\rOg^f3yqy`cK|Gu~츯s<<0Aq-=JV[W;xW^m`^]%z%\n?-\0ltG_%أ3]WPjK(eF^:tonKF$\\͖=7euk:|QR?rZ~%tι-Ԡw~qr$Rɰ6yL<Co2D6qVDsLn<R:*~{iWM>WjpơEO>?q<Km00\nY;_Nu[۬S쾎lrK<\'SnW%-7BғA@5\Z-GRv~\"9DX	?\"(Qv[߬omF܁sc4S\nqCEgj?r;%od;Yٌj8_HgRd.8UW\n]A@P(\n@_R;Ļ%^qUc5=%\'εݶol_\0Qu2r-JS#OQJ(:~ciPMrdP\0$8Q婥.NmiQBWp*HlY_9wUn/7CƳI\0Q\0?hO=.t%7[$4Iky	uȉpOg RҽCTb\'5\Zs$PPqc5 3x\r|?e7?}31\"1$Kq|Hmyoms<rqܷ\"Ң@C}\n!Н Vx-&ͮ;E9Ģw@;T~)Ah5!kjEenyVnj)m|?rcmaooj~ߪp^1sʯyFZ)	n&{UWP(\n@P(\n\Zo{r6LܜcqbC*tܛZv~پkv^]\nw\\y9pWR`H)r:-(	#Wb<;ssKM\0Vd8N&[q,xX%&[K\n,/v\">&\nX\05RL\0ԠssMq_gU}t|;#u\'ƫM<8]ANO.7p%-A+DjZ\rZtSngON0ݓ!;laś48o_OΖj߳F\0i\09Ϣ<ڑ?36!쫱 {x\0T:[s_p{\\w3N\0cw%-:4\r~!m߬m}0.}/3srlS%(kv[msovkx,iC2m!(JF%\"P(\n@P(\n@Ppȍ[+.;rpY@Z<T52Yxqh2l8ǜ\0Q11\n$7m>Ol\0*N1)KSݠdhEʟv}/_wV 5ecXk)K~_g~Si\0W?LO!q{A G]?O^vH^-j\'I\n![;/_̟X|[q\\#-K۽I3_R0P(\n@P(\n@P(\n@P(\n@P(\n@P(\n','5a.jpg','image/jpeg',0,'\0',2),(4,'\0JFIF\0\0\0d\0d\0\0\0Ducky\0\0\0\0\0P\0\0\0Adobe\0d\0\0\0\0\0		\n\n				\r	\r\0\0Q\0Q\0\0\0\0\0\0\0\0\0\0\0\0\0\0	\n\0\0\0\0\0\0\0\0\0\0\0\0\0\0\r\0\0\0\0\0\0!1A	Qa\"#2cqBRbr3$\0\0\0\0\0\0\0\0!1Qaq\"2A\0\0\0?\0@(%l8uh<zɷ2\r-G\0O7fRm!rβl;׍P[@ڞq.8JHe\ZԯI<ݝsG穯=o=.\0ScmV	hcV-mËg<4A:ktٱ×vi\0Ӛb;Rmtc`7wWkUWd޴I?ymbN&6)Sm0ҝp1#+e}ROj<*V	*P\n@r\0XM\ZiCP\"D~[Rr?6I=e.(qMĸuGYYT7^ƀCU+:VG.Rk,N\\DP{ċϖKmp[].RT->5*HςֵA@(\09ys3|n}O\"i2j}gqUR-GWA5ճɫH]-H}dթQ⯅B듢Y@X\05u\'J,.NrnÎ^d~c7,X5P\n@i%%:F%tVRLu+kTF[lEFLw+!BH\0)*\0OA]\\`m=)SPJ@\0Ĩ5\rV\Z˅qN4^؋Ϸ/.[:iǘ).ic\ZJV\rE\0P\Z~;t-ڀqQ}~knRPy4q_qzP	_u!rud	DJzҢNMxTֲr\r2CiIШz<2RΧdl8^2u/έ(hU܁k,%P\n@sy,˻qq.	Yu\0\ZyUt4⬪F1ۣ:{Q*	\n\Z\0*ے:| C\nzKyJ1掴\"EQ]OK},8R\Z`Nz\0MI$в-ǲ;;m}4cHK+GvJVZ3FB`P\n@(yc2[om;&njx-S*ZVС<{:jHnD\Zf(2ThϻA(VA@6=sn\Z5#muTOY\0*>VrԢZ7x1\'k\'1/#50qK8i$kRKBP\n@(|ݟ\'vh!HO\Z$)00Cq}8 )JGYka]eOL|+o9]\nY]0cB-KWH*5jnPOŴ<joWeX~=U\0Uè@U-/$k\Zm{G\\ \0@*KgTU6~?z{mvْS3錴PN]:/oW61X.[9_gw\nLRmDh	OV|$ڃ0@(^0|3-{vS1lz&Fu_S).S\ZQ\\aVrEz!VK+W[	?Sn=NJE8P|Ypwow&-AySopAN$l5wUw)U[{FBgm\0!T%hJBtYQW!R.x]WoCm\ZjDPuvJ˖(jO]5][<n\\8o\\]W9KGe\n\0q@Y3T%Fƭ%CǙlZOOW:R8+[grkrBP\n\\?9qd.FqE\Zi[eG5e5uL+1/34o\n\\lg(aҚѐB;Hԇ\nkvHC̫y刘IJXLNYj#-CNonmY_J+d12~Ig26U,J^sivU+iU)؈=־[lM.356,Pw%mm_4!g+\rH|Krŧf#*r\r5#\r2?\ZٳfvhѡGb8ĉ+(\rh)B@@\0L\0P\n@(\0P\n','5a.jpg','image/jpeg',NULL,'',2),(5,'\0JFIF\0\0\0d\0d\0\0\0Ducky\0\0\0\0\0P\0\0\0Adobe\0d\0\0\0\0\0		\n\n				\r	\r\0*\0\0\0\0\0\0\0\0\0\0\0\0\0\0\0	\n\0\0\0\0\0\0\0\0\0\0\0\0\0\0\0\0\0!1AQaq\"	2B#Rbr3$CScDst%E\0\0\0\0\0!1AQ\"2qa#R3\0\0\0?\0\nG,#4sh%29\"q;3կE۫=ӹ[;u~9/9==Zuy߲gޓ,[k\"Jk]P>oG|WeilYC{Qm|GV>\n=_v&m]\Zapτ=\r=^m:zlݕ!ۺ|9,û4H:GBב?\0E*No~eNn˝7{4^68viۦ\0ǿ^~RC:EЬ[]H6xY}4UuØ5txj\'wtKaCg3O9x2+o]{ܾ֟|Xsq<~oVib\"xq\'evfǛݺry-Ϛnr7RLFnKBڽEzr)cAxQ/\\_[La7sQ6<R211M{6ֶпG5xM̊,4uMW\Z;^O^mg[B,2V,],uMFѼUF8V傱H             ΨuCihoMu$72(k_qq4\rdP7۠4#Z>~P7fEsr^k\'_a24)c\Z;c>ﾴ9Z[6W#eJ$5tP{w1^oo/W]p]^6>8>IZO/vx淥C}E<\'L:?c8M0&/6&;\'q+N]~_[m1i߇Haw;\"e8󿕭Ӹjot_.[9s.6n؜;a}Zy+~ץsX}Iw3yőnlܻ#{3{I4]\'\\4;p.#1siSQ6p@1<\n:SSJ0گg}JQjzi&>๺fmp<\r٘3\0\\ͯ0nOa5ϫx˹             ܥ\0㝉)sMϹpwr|.߇\0\r˒1c-^m?$0Ď.>$\Zgr꙯玵\0?X*]ek.;̝jT؋vEN]Mg;B<b	yKSo8uM}^\Z^r-֐t͊61ĝyZ}vi,7y K[3yl\'eGf;ҵ{?JѲg>ڻcrWy.|V{M8\\Mݯ0;<ۊu;Ci+~3c.io5nklOeő[rP΂XwZ+[[S~-{_)4VW5PUj8\nSf\rXq}Wq	b{IQ\0LDΏBK             \0^PnOO s\\+\\\0c3~7^|.2\')ɒJHֺq]is%.5\'yPkxi&19DlE=Hg\ZG$1YFsn<@=mo<Iqe\\ }yҾ*\\67K$q_{CqװQSodn\"uR<eWjH-N>\0􌁠I$Qi׍ӻ,cng/6AFE.\Zh\Z	[oݦ^}*ݶqKA,r۾s:9*e+U9uh*\\nc@	4r%5>ٍϧd!o1S:\0F]߅zX^@@@@@@@@@@@@A_6wj9mrNs$cE9A\']1{ɕݽG6\'5.:F30#u-AUŶ=Nw欙+)q<rL\"qg3#V_\0NGX˅5Ou#+Æ>Umg;rm<Ὓ7z=8.y\\^V˛nf8Mr=Esxim[c u|wVꮶ՟Ȼ}֯{c#k_b5L[n586.?=&u^D7s\rG`\'\Z\r(5۪{rG4{)̭?chܧ%DaRUWvUY?អzo77+f>-	❳Ry)~pRm?PNc|{wiOE|;g/GmuB]=շQ2P\\I\\=-k$ZT)ǱD7u&A8p]:\\\0Y=6[\"kzw5E\'(ԾH\ZGM\0of\\ X8ާf+1\ZUQ\0kM;NZ&ݬ~ rq8Ikt5r5[rqriAׅPYFQGZz)Tnܭv85\n`:R牠I8)one\'\'&uZ+yb7sݼog#3|FF:i|lòr׆b7XL<|T4\\{ǩsƵSFGM<TP>ȫͿq6;)q7U3Ûo9v\'Ze&Kap״O\0-Ts>LSƁ?Nojg:jxgg`YZY	Ď\'٪\n724R\\/m4{Elq\roAVsڸ\ZR2ȶ5ǳ\0sKU^\ZBG.KǞX.5/3w5ڮMzN,0hhXr!\nۭug9[zUױJpB˼90<B?rK?i.oTwJ\Z4ӷƝ]z.l-hs8\'ǉY_-!ͣ1BOa\"aEEx2Rι;{a[~a)*O\'>AřiDS`hw{Ah5>ڣ7dEmg+{rk9bdMrُj4\\}tU.ghر][\0<i\\ݪ,o{\ZWs-ne)nvƒpXI)h&HF{OpY뙋fVJ^W2QMIo-STJʭ5EkGjlˉ\08J:v)<U*VBz|i\0};No4b{H!o^r             WdM=a2/6xv+aJ&9ͼi?U\\mL1O]s4eeSV]=N+>]mRUcؠs:LNQߩt96H~YR~\'#kS^\ZUZێ)HjGªW>\'@{ykWքq\ZJE+֣et:hC}Hk@p-4Smdww=P[&wQiu?(ƽ~rW@@@@@@@@@@@@@Aeܘx\'\0Ü]c-.02ᷝͤ=OcлjYK;EϴwP\\;]-glx\\8w8i+7kx\Z;+VvsO* ]1-iڹs.(7RVwY8G%\ZTkFh{[p宴Ҩ䴷[#񀸀^1뫽?;pc~v&[=gU<zzyQn۫0xuݑsӷ5+>CKyAuQ&>O#+Q]\\;@{a|y?VS<q`~+gԹP#kME\Zʷ)YҔWأ\rT(;T)c3ƃK;0-?D*-!{UE\0<E\0  NwG\ZW5<a\rJ2؄q0NgYr=]_-fm? >#EϻfXS[VOyr5Udr5vw\0;OW+j=~^ZVs8wk*Ze;T*uMOJ:͐wTQE6mi9绒~/ZNwsˍW\Z<of0,IN:|,#~͍,r%-sUj8r\nN%exCf8ܛDHjE\0܂VoXmhhGsl򩋜1Î7g]Qo&i\Z7\\i4X.ƪ(]sk֊/pl {,X\\1[}k\0뙚?C\n3^kgw[3q\\-er?fo\'bgW<`+c4dslLAսLӨslYg6ԨFhkQYVTu\në+kڳa5ߙʐ28WPJj^)⑝\\%E(N0ǧTޭ<q]Jκ?_5>}Fsc?}wN0>\0HuDT_	f_\\UOJڬBxOa[G=]yLW%#3{VV$«.TgPyqN&ςsPG*eQ\0gy]!\0#Ք?0\'x)ex4YmW=}쓙syۉ\Z~fB?|9<s7pm}Ɂ{CX9PEA#7`&P&OvR>K7UB\09VUc_s醱$9Mc|rs-|V7~sG׏ʺCOiPQϯI5obaU#ZnFR}\n\'k~icpXWH8O^:snc{d)Sw+1x&粲Yl@@@@@@@@@@@@@@@A;Վ\0zn7+\rx~,c!˟y˻߶:S:6Oّ\0j۵A[B*qмce?R_H\'\rCH׮- kUZsݼU]g(ItY@E\r4⫲S$EW=obƴeӽ,C^޳G͵9VT@@@@@@@@@@@@@@@A{bdˋqbqA!..x&]$V;Ψ\\G} upRLFԘHj(hTrO\n~#P.i$RJ\0O-\\-G\nkJ,c-E]EOSb;Sng9lmy{ӱ+=u[}PCx.T\Zai;zki.G\\oqkQ.`%]+^g鮨ZǞk,kJ[1Pd3Vc^6ipMAܱvlp R)탚i.ͣxW%VTG`P%!ּVuh/GXd13ysQ\0ŉ?uWQ~7Hb> \0\Zs~Myifb˕vkxDo#4BkAYpIm1}P[Ub<x qiA:쒊[ظ#+A\'W,__,\'f.Bm*V\',>]\0zo @@@@@@@@@@@@@@@@A\0\'Ý5kds_k@TݧWspи^}5٬2:(rZY\Z *\0iCjyq#YC\0e^4>Ōh\nUDM.ӱJW(ȢCj(X\0׼*-ǻ]7_pg#ՍI\06_/\0m/A>$1m.G\ZցRI:\0&zުw_c\'u͕KwZ7E{Z\\i/%G䳈0\0kV>]ӈM~(ÑK%;wFMLvDV[B;(-Mk#8*Ώ *UfyVB\\+De#\0\'Wbԣ+屿{Rd\n\0g?Jyb\rc}=YYkdS0w=Q|ۡZَk>;Stdk\'+y4X]i\'\rtHjҬ*T3{NlW\";@<HZ|D`UdK\r?!:Dh(d-$ijT1}\0\ZRk\nJ)VEor-.Rr4D;-/[\rzLFsc|+|i2ꗭ}[\"-r]8G=828vE7)vfe%NOt׮iwPt\0]$uq᱗m6[yH&q.uJLkl>U\ZVAn۬ٷO{_3=xK>\'Y[dKQWd6քL#(.\'Ԋ1ZE Ҡ*X?](O46!E.-ܱD_S/3X\'ܩa6;~ߛBm}#.Y|12 vpKuz5]~]on<>a=૝qim/(^뛖rn5ݣ iB8U#Esy(dW[翼զKMKhmwn4Xy!E9GQݎo1anu?|YʯFn5hȅ20Mg1\\<.qM;i.3|-4xuFFO.F7kEx[[(\ZªZ@M*WJ<!#hAĢ,sJ|9@g{II%h&G{˴\nPq6r1epSR=Qu<2ӤGNѬ;j|Ǿ~~>ǦֿS;Ma-w->Nݴx&Mu xjګ5껼uSt[nhyI{8!~q&8h\rk[Mp><ehٸ1Ĝ*u+v]\\>#q4NSb~ܒ)em+\"6GW@u*ﴑ\ZL3m|NF{~ZÝ.̞Hn\"\"+J[su<~wo>S`\\\0iw^&j+w#{~uI5_ʀtdUلB\Z:6<y~-?Ȭ$l\"\'ph%]-d}Xڹ4eɍ8mMcc5bH{`-ZA!ԎE^?&Bk8n.m!x+8bR}_tuHUC \r(=T^_]P\r7	J׌}MӘj(nWGZ,ui}75ӎqq+ۈIfbe>$Y.IZOe~2FulyI45m(;iEyAlϪ|5̱W|J9_<5[r$א洀.5mԝys͓aq\r[]q]ߣFtlp5#gM|#70(&sQ@ue搜W_.X 5AjeʛE{\"|ܪ2;N:ZTܑ\0@w/PWrp{kg#U^o>Ǡ\ZI:\0뷮{ݹw;Bh[dsOctX#5ިzGQ&pd/l\rp\\w٧2[i9R6\nܷi86AYݭk:/8U0\Z-5gnx@N~k$/kSGU]\\f.q__L1gϵlt;H7$Y{v:LM\Zj$h۷5y՜vpB=ЧNsQ;8Q3Ӆϊ{/^Bedw%6Ŏ]:9N$qIo%i;ΊXqʜꮅF[]Nӆ)m\\ 9{7,D%1a_\ZpFÐ:G\rulWd2~6a;ϘkAyZ\\lz]o8@@@@@@@@Ag[\'M{:P)5iZut]&4ݖNy}&V+\\[aRאM\nn3twtRf$h*Xt^I#o\r=?ZjGɈJ4e{2mH{σ2\'N?\0I)X;om!{%n`<o\\ut9wf\"9c鍐0լWk.rؗ0uUmu\Zqg_P?ki+6ˮqG=$WBa>r=\nh.u\"{Kd$W.Kx$Gт$y{4޷c.\0䑭ZjT0U[nVӎ8[:Geo4ࢣ8oW)gf3&bs\'kRB}&6kG%@@@@@@@@A/87G[;ΟXk`O#37g>>[k_pnum3nI5+J]6<ܚT{!Wr]wZ;\\+Mعޝ]|(\nI\0x8oEƾQxh&IӊlgiX^rMe,biC#`h\\k]f,_rZP᤹I[BE)Q]Ⱥ x[YŦY/tϘ\rt%4i{PFZ9|!@Od-(C^\nՖ%@֎$ʆ3>MKy~1[\'su8/sk+\Zhk9Tò/wK_B;!&+TZB+ԝGԢHl6}6/+kK#e~!V~Q5nj\'O]\0q>ceJ;[mt g(GXJ姭k5Ş[13:r_i\0r99{*ol/`\ZH{*Unix˰6Lp8+)H\0|td^w\Zo~\'w`37.CQG+Z\0\0.Kٵ\'T6\'(5[UOunNy(4=^yEseONzZUpw9N#WQIK򥝋lΓJqՖ\nBzY\\y_r8p,-ܶm5)ܮ1cc8}hnPH>ywg۸|tuy\01R!F\Z\Z\Z\0Ry[cxo0{kew],E%v͑ˌxG*?\0D[iK#1}b\06d.c}Ifw mWUY963\r+           Tw:\r܈]?H%6OmAp4 HhٟmN?fk+e%zFf~R{5^wFL_/]:}`$P\0Xt>!_}#>ͱrl284ic++ˡ<{\Z]Vc,;?U/l|gh~7%Zu+{bEcd5qW-usj;{f/۶z-Mʓ%|_F<G5cj^t\0+5c&Nkpfr{\n\'db\"67y9uHp|h3M^#G}:Лt/!\0\\ď6lp[}V~zK6^A\\򹹍(<ӝ\0ĞY|FK\n[lXPw4{\ZӍŚp 	\n=xvoB<6m݅qS\rhlq셴h*y$(H>7=K.*_Yf8å\\\"g%2D}fbuk]M[]#GϷ[ęnX{y}tY\'m~k?ohn.6KtN:Խg~soۂ1J0g{gqˢ\0Ld\0ѝ\0b=֟U){X{#vqgվdF\\<V\ZSqotЏNow\r+s\0R+w<kU[Ť_7-d%n}͛t{\0`7 Z5m?U\Zo5NΕvJqiFy1.^YQڊ8wڦ\\#iz(oO.Fkq%Gk,`\0F|}}gq%3)ܳ[O9KdkH>L_[\0l|K+CG\ng[߷ŇJGdqqcu;E85:jo鿫i뺜%\0XO{J쯷gmW7:i[<͛@o \"\'YQo{\";,ln:@?h7utQN=#%vG\0۷534:ֆ89\0lEc\r{#,4CV\\^7yWOLp<PRce1	]:pq7dfKe08ƆLV\"p','blancoyy.jpg','image/jpeg',0,'\0',3),(6,'\0JFIF\0\0\0d\0d\0\0\0Ducky\0\0\0\0\0P\0\0\0Adobe\0d\0\0\0\0\0		\n\n				\r	\r\0\0Q\0Q\0\0\0\0\0\0\0\0\0\0\0\0\0\0\0	\n\0\0\0\0\0\0\0\0\0\0\0\0\0\0	\0\0\0\0\0!1AQa\"	2BqRr#3Scs$\0\0\0\0\0\0\0\0!1AaQ\"q2B3\0\0\0?\0@(;}ƻk%7e6ˏ8GJUaqZJA&{U%J;UnX䯫#1%4<>;oRirJM\Z~3H)o5ә&ՅdǏ{K_T~n<~k؎mFd8Ykz`X)~;n7oiBV.k]<Vvzd߃ѓ3}E=qC=ۆS	}>e+H--;8=JȰZaiT^C\0FQ[P%h\rj6bj|bznfc[ZzBeqtܤ8ڴ. miuppP\n@(\n)SFޑZ\nFMd^ZYڛQ.F%,=ns\ZF	ZMo\0\nM	\'^)ލ9X(ۍ0mnPkuu6hfxg8tH!$w#cZhZ|6 MEa3e\ri i[Sʧmi6׋H%ˎOkĤLGWyYشʴP\Zcg2**jvr(h^.[2Ԥ6#m@j7RQő&R:R6>3of<=.H`thznk=={+-$/jk\"^v{NWп_#fNEId`Fm^1k6\0Scܲڙ@(\0!QXw1_nʥ(@\\	ln\0u9ܘ)MoYm-\0v\"\Z#D*D$˔)4Y7	{POYCIFkT[ThOGbv6%d.l-U*Ȥ{F!o\n͐aq^L4-5mu2\"P\n@a<q ҡɻb(7$ʱ\\f#~Bmm=U124m/\"ƙ\nSE%E)% \0zD&fr`8?,\\Ω[Ϻ0r%:%ˇ0kqYJTURdRj\\e:O	q}8i\0?,J{ާg>$WM:ۛ]R\"(\0_xE؜ۚSkc\'eQb#T\0W,^kS,xGTIl6A%p)T*7zԛ\\v%j]u3𜊸Rr]ct*SGr\\GŹ~\ZӉL9TYOV@(L>#Okl):9f7tQ`8H??6BIq4wDKd*VjMQ#+D<8\nG?&viVEKDdm#VvކZɋii1e܋=5z_Mz4dqVW\0e6/$r\n2iKHHb5_cg6zґ@(\r3[<iYW͏Zٛ\ZR$Z(6X$FnM1}\r8x9ɞg{Dar{\ZA65*%)\'\\Iq\' Ok#W㮷EVھ]([ʹ]qR^??[6V;<9\"Ǻ NV~l˖=?b\ZCAZc^R([;^>$!t,YGRz~Gċ)]^_K-)Ԏ+_\n^Jc*LeH(d\0rSU~?pPs..YJoHQm׫qZeeI7PD E)KrMPrz۹Crlǐ˔l=R#<u]\r+Z\nz+>\\\n,y0r\Zϖ\rqQh2C$ku@ƕ*u\r͍SOuvɽ32~b666C)%L8%oe#ʥ86k7\'L:6pm6pqQ_FQMX=Jc雗\rZV\'fn\'ZBRD4\\X:[IWrgn+ǅVD&9.XaҲJa\"?&6Qد6D&e[y˱1rHp\'+#hr[!Nu`R+ЪuP0^=/ǒ⡽2\n\nYYn+a=bnz>.\"~iu[bP\nGpXCf;%d2䲱#$8u!IzzI\"Nz~e\"f\02OFwN2lH}9[QRI98X9e=:sU#cyiq}):JHQЏ_WʻRM=Di,54mO%#~Y~XWDA{5¿NL]YwwN}ހ#i\r2\ZG}uQ|l4CޚfnX{<z<űwTة&\\z#kRuUI*Y,Q1h\rā2HR>\0TKDE?etP\n@(\0P','blancoyy.jpg','image/jpeg',NULL,'',3),(7,'\0JFIF\0\0\0d\0d\0\0\0Ducky\0\0\0\0\0P\0\0\0Adobe\0d\0\0\0\0\0		\n\n				\r	\r\0*\0\0\0\0\0\0\0\0\0\0\0\0\0\0	\n\0\0\0\0\0\0\0\0\0\0\0\0\0	\0\0\0!1AQa\"q2R#Bb	r3s$%ҳ5&\0\0\0\0\0!1AQaq\"2#BR3$br4C\0\0\0?\0\0 \0 \0 \0 \0 \0 \0 \0 \0 \0 \0vvs/3-6W32&7YL:VWs{M4zzRگ\\}mxN:ɓFI-GM\09U2n71Cm{u՝I_ԟ)֝˖_\n	dItdǷ1^]0UG\'P/&!wrx\\ʳMRǇn>eoTCd_YB3RړH⽹ܵ%-2ngf[R~u/Qd/-_}>F+󤻫3>+ue.)A;셅O<K^Q~#R^\0\"#p\\1Ci̞b>w}9z1Q^v~D{\0^̄|@:c\0Q?Rg.2?$6?W|Ŷ\nބ>$=Oވz7׹FD2ޙX=I_O~cg~{^+n*wlMè\\&,f_ܶ^Gc)tPpW8ŬMޘŃc$V6\0@\0@\0@\0@XLöw֠w^[Oc?+%O\Z9+^j}q;~$!2W:)[SW|cIѪ^n5K:aZXZEecq/,xhc?NJ*([2M/Av&)޾CotCSRVxPZS+LCjm1_vըq\r\nn*\"*U}nZA`Qd]SeM{)tdmƼ?JI)ۓfw\rHM_]<g]M.$l3]j*EJe6YExV.T$JMPG(m\0Qlcɘ\\Mw;uD+eQ%i>t_iG.k3Zg7F2F\ZF4*x|l@\0@\0@\0@4Max&c{C\n~xͼϸ,9[L! ҫ廌j]5>ۆZD\Z]uo{3:xY\Z)$p+9RrU=Frxm]!\rEtRMUe;lsKuKQt\"9{VF8iƟ2=Z{)^_7S4[O)JZq	kQZ\Z3A;:kXgՑq\'{n(I6ҰsOH*\ntfL*3yFVʵ߮~MWm˚)ɇ%GX \0 \0 \0 \0 8)1Vv`r{:W8}|}.Tϲl9[2ұ7N-{~EXѼѐ.n[;1XA#xhkZ\\ZZDVu3ɗ^\\(,>S&C3p<w_1t!wAPK#G7\0;ڵ\\<_\n;qJ8zHG q{On\'2ߕt5!SVغ3^~}g6Nng%)O)sYq\r&\\[VT\0@\0@\0@\0@q?8׺4ҹohX~rWϽIn5H.sǲ4\'J\nZHS&뻋G+?Ʒ$f/GoZXWAkT\nvg$ȶ6sګTZӳjļ9wh^@ϒYx0\0=Ad\0	ȝad4)+z΄ru;m0/W}N+(+LƑmS|r֍VG6\0@\0@\0@\0@r/~4* <lH\0vI}J=RwnGpPW.enώ6bC$a\'f	).?ȉi4x>b\Z\r*W56t<.XHӸj\" 9~c\0ޫ&&Dvg\0uUҎb	E𗗉$)DcYlI\ZSMVPLQZJڶbu̖{]Z;aJh=aon]8 \0 \0 \0 ^qUN_n-k\0|SF]{軚\\jg.\Z\0t\\dgS?>O?Gs|]w<]i(#>^\Z\\ٺY$:<iٌT#kR9!Z2DyRQE2H~@}2bItYQS4<kM@lɮ qp;r\nrVN{1omdFa[^>+az5ί.B\0 \0 \0 \0 \r\Z׋GOP6Iq\nVλyre_<ΑXqXȝ_5c?C$r=\0R\0yn` I0JNGmvquI3:\0a\nx7C>P?^DrgiN]FZȠw)(iNHcP9GҶTur0o_IŞρ\0\n-+UiDoױ{CMw\Z>lazW\ZM] \0 \0 \0 VcE\0ErRYOLU9tɛ+K /-3R{,7 H.bmZ5flY4\00יꗤOc[h\\rR@kࣄnOݝ3FNN\ny-*[%\r|UtfUШkU+c1y/$[KODͫ^pQH yӓk$?Bkɛ\0:+|9]Z]9R*vt\0 \0 \0 \0 \'/r}ߐl?R\'ص3bknrf[}KHq׹|撣>c郉\nXC^u2ywt;MV;+֗DK\05VR:KB\'@$,Qya}\ZӠ:\Zr\Zҽ-rf\Zb*ru?f\0RU/AZWa䝭qqkUcIPZ0WP\ryܽez.W;WQ\0R^ωӟ5\0 \0 \0 \0 !Km\0Ow0\rxqQUc6p~~x徺^__\'T϶X  $+p!?eJ.ƶ\'3[^vd\ZI\"Ձ4L0SqF<LhE^1ɔΠ֦hZƢvmU$d[f+*H@@:OKǞ<T|Ӌ|/ >E-m˙I*\"@Ml	&O\0u?zbKvt\0 \0 \0 \0 .]m2ULˤQen\'\Z/n}ì+^ф>GMv\'>V[f8g!΢Ԋ6YcGCCLN[iU<,p$>৓1<sM8,*RD@\'mF/H\"k\0\0չSI=(J)7_TfNmt>swsޥK]AP \0 \0 \0 WpHߝ#=~t7.yX@̯qloؾ[]>߈j/:\Z8WQtRz\ZfEWXs\"~?a^O~u[\Zo2Iob;z䏐#e4*i#ͺPE;qJJS[t0eK6z	21f&9Kz?W:ÚC\0ڎ.@\0@\0@\0@#y&[luiJ77;j\Z^{>շʶ\"ycMVmhxAyksyl7[2q*kES&G1c;Z\r)2Í{;*xx\rh>\'उV,\"BS@2g]t!OCà/qq7D^>K\0.@\0@\0@\0@\0@~{nnHow縯o\Z_yMb\0ka^jү͹ޜJwu60L~mMv\Z~4]I,bɒ`t3Z6B%^AkR6RG8_|AǊ&-T\Z\rZHm4)#%MSK~68wsк:r,v_]	\0@\0@\0@\0@Z^hi@2.jȑ\\va`_/SYmho̧\0;kXif<WZft/\\iRV%Iбd	5qJ¤5ⒸxS9է\"VP\0RxryH5R$b\'4VHȕbۣITUN{\0 ^].d^3tΕӊ\0 \0 \0 \0 \'ZwoݒJ>/#\\U2OznUyRE\'kEYmh[\\e#1BG(D`nYSM\\,qUZu5R5~RSkQ]VLCBk4\rkC4JJ9*hQ<dr\ndbu\rk{^SG]Z_<f_me Хrr!\0@\0@\0@\0@įysO1<\r\\/>w}J2OкEvEѶNs/eH^Քԑ)jdKnR׸|VexeVr<!ҚⰂu1gjpNp;jZK\0m\0<TɞPkA\'J/yh&9N\nT`;1Fz^Q\06K>^r\"J\0 \0 \0 \0 l/<6nQ/G},\0]ܡSTX]1oO=iF=LiYU7We|Z9׼,bװSbi[QlBIjn\'t+!o1ڳ=L3PHR)#HC#tRB6{-dYz.ەbs\0@\0@\0@\0@ŏ{>]ieQqb>o58¢HSk?&fГ\0[1+?7Z$}ʫ.\\e5 yXjx{r5GiX\Z;{=-$[0Eͱ7aPUu=ѐCǽKa\"E\r+(w\'$B.h)}rujs%܍[@\0@\0@\0@\0@p~VF;<|=F}J\"r]OvJ$\"\0U]#NRA,*\\fwߒ,ٸ;cVMܬ#%t)WSUYeݯ* Zr}R^7TxtAjxU@*\rHl\'bp:\0)ʽZK8Z\'SU*qmTɘ4H%5\"J5!\0pm>_%d|\0 \0 \0 \0 ﻼ2OVB,@x:\0B3͕%>fnV69}r`S/H>ŪWth} ^ZsjreD/)	FhTnZr]u[fB(\\8	mhx\\j{.6kCWĺЩ)ŴskH3$ݏdFݭ|Ԋ>J \0 \0 \0 Mi6^7nGݕ|0|\\BjOXX\"m~xz͏֗qo^HNknd/su[R8\\~ij}%d\'[qOq74NkƆ|t*6*:pmy$ZqͦfY%nJi\r퐲FVs]EUVE:9Z)]XI w.\nP4|]Bm\"h`\0ꥩ	 Ns@z*;ZWJx,</q+Js4C%34Qfogrt_G-pW]}NF֫3\0 \0 \0 \0 9׋&߹lؼ]ȸݗ\ZR;\"h5ਲ਼>ǅu;=%>-xW9]ݶyn]|f.yJεk,+\0`W=t|L!s,WC\'Xֈ8W~fЏ~R/n푓\0+\Zs7QΞkJ-bXZb{k]Gjt?  0=}NJ\ZJ1Q|m&EZdK[\r;;Yy]#<9ȻxmH$cVד;mԯ,sZ{h9El[B,E8\\u^á\nB\0 \0 \0 \0 5ܗ[`nחiviֱ;C9:*3.K7\rgR9٬\'<ɚAuN5Zxx͙\\Hr]뱵$_6]ט9`4(G+SewFѽ7ETYɺ@W\Z\n|VpGs!4I:)nwnrVcv}w=Ǟ@[`EKW}nݯDuf|WJ:\Z+Qm-rhYowHR;Ң3Q,7@uYԎgi^ \nlU$FDzjV5G+D\r!-wCNdJ((hsƦTc.9I\"ksy}VAEk,l6c׸8}74n9RM@w0\0{\\Q-88UY涤~B])\0@\0@\0@]zq\r3<YC,#x1[pj|Nd,n.:#9_WD\rպN׾Cc݉TV~w°Z^\'T=FDIflik>.8׉#/<:TVڹ-kgsufv^2h~\'5W+b\'4WfVΥ.Jٮ/9]{rH3Jళ<Hҿo\rY>&;ww߱oY@6\'r~էzꔜvշGn\\֝\Zw*i\\MmcC	-wR5nS hWBA\'{[U.̜4,n6w4jjuq5=OţVxԛXcqQR\nIȝ\Z)]EN:q\ZQǀ]4\Z+-;=Q:[K\0 \0 \0 ?ִT\0 0Nprdbǘv:Aoε.ڷZl9\Zu\r\Z׻mݚmKVH]r-.OiHus\0Ky]4o\\I$jxSI^t\\Yҫ*ڭ4DG76Յh7-iƽkՅѬ\rw=Q6{Z?{%Ze8`{Fq$\0\rMKֈn3M&ApKq;yN՗w$x1Q۬;v_\\>ig^	+?1CD00\\d4ZoV|\\U呶AMGz%)h,$>IWN]$ѳT>#yG/k55-لG\0LchKRdnQK\ZF$Cӫ9O/26yYȋZeg;LZ+AkjuhkiTF8!\"n+9$\ro=O)Ttu/뮏#ʯ6VR]k:S\0 \0 OiGn9ԫmiXW(.۵F6kYõdmC/o]E^j><n:GSvTZ\0#T7]w`kb\0-iĪS莧1jެ\Z8T\r:[}WsskS*d6e$Lv}͖6巳*nȄ<oǔu\";l/n4ք*tlٖ~⑤]1)fww\"|$췆\npҴҵ.e}<x/]<Yckntthat~\'u&=Ueev#Z[I^kI\\]lqR	5-wGW9ʱf	Ĉ~l\\dwJ;)aZhwKAZpSGp$E,8.H9%L]Iж\n浭dL$@\nhZEqg4ERO[YWu\'-g(cBh3QɊ\ZK)pn8j;\ZG,*`ݒ8\0XGA\0:<\0@\0@uCח?d\\4_Zg88\'l0qع-KVGuKxGn,]]wu;q?$ݦ[>gRIuO3ǃZ\'lX3>P9g7hqXkVNL}ҿ7IOE) M#i1	֦U$*cb̵\"ԜO5??txܧDf{YJx\0ͩ\\uf$}5!\0xKA.Av/+Cݑ<d=ߊq۳fXjjmk#fahp1VdwWӇug&&\Zh\0Xt%IWW:i5\'{nr.!nUZl΄z@hԒ<h>ܵ,\0nbHfRA\ZVE;ÜIkZV|K370\0;NϙmkՒx|\Z\0Br$QВ\Ztq#Q)ǽ٭~A^$}\rWU7Ԏ+SGGD\\| \0 ì{gz(yGrn=1Kqdu>q8pige+馅Ճ,?5Sg=s{d{k#%޾i~lkK3,l\r(7[$)zCԉl;+A=o\'ju{E>yKqc,nlqa+;xFk/|5Wx׾sj76<PNFǋkCn$t;W:I	V1zDW#G#nN\\&.][}yP緾85DkN䧤Iwo\"幹kP>ijV`r&l76;[o\0ՑvS}NmN︯Ւ|\0ݼF\0<wDx/\\7̒$N͹UDR602HaO֟Bz)&@-#HRc55**μF,\nENE=,*Y5Bcdb]YM-Mi\0DL#@Ui-xpiGWPrlːŏڳԻpdqq.q`tDs\0|?yclұ<@B#&{WYnښ|]UW	.\n@ \0 ̳	t#k$,mElØחWVn+ÁlrtNgRwߍp>F+S|gk:MkQ\\uadn8|@+B[<ռu-y漁=H>mOcAkyI˭~?#tg2\0+Z>u=0MosMLaьlۋ?5֖JwhV+l,R2wCmeaF&x## SV-yVl6$78Cz\\ˢ>cn<`J}9oUuv42mQe)\Zv+^RTe<$Q]&j~7gs:b{o\nVbrְ7\\tS^\\gE,Dg־N^\\?jUIAf)ݬފ\Zy7L(jk^)\"\"5/ бR,ƚPSڄE)$zZc6\0bbBH\0Z(SXֆSd7~ۛ#Y۶&nw1rFԸE=S	USH.5\0NӽLM\"d,y\0~vѹ[NO܈̘较#lK}j6wo\ZݥU}eM躗vC{-kb8,(\0kZ\ni:#ߝat_@\0@\'=;=PWOzb#/C]@W&Q.h3R\\BdnzS76\nwË[A+Xbǔ9A];ܗWf豓sNWRӸū-]kmtww3u(m0z7;xI&}-2Vr۾]Vnχȫx8@[#gݷy\rĮJ#g4mxm\"+Tv{$VM̀yH̲1H	\ZWMؾ&*G$59ǳC,\"݌ή{zJ3dw;9\r)ąV֧bU.=//mU~t.t#unBrN9x\\ru,u=kiqk\\[-I-3޶l9hG;+q1[7ָ!\0SjƍzJjb,f\"]f͞SmoQxyvǭHݭc_4gv\07CV`qz149dj\0Y9[(/_WRح|X+>~ky$gѡ:_i#mCx&Hq	$ҽ}2KgW?V7t]7l,F_zB\"\'#@[;m}G>PP:kS\0 \0 \r:gvNX&߲[I6u#\ZCu^*5$-b%ѷ.~7_5r	fckؾqbݛRyul8э&Z{mJ*=\rԅr\"<G8ϪIqG\"Yg[MmŒ܄nr^JM[2$7\0?̤ޝ)u}-v?eĜ[\0Q;2zCG\0ewÉ\"6q|\"^p^EfMGկQrlEN$w>k<(+,9仚]ix\\&{I-aWN,%?Ғ_`-;ޞCfG9q5O#5ćO_Suuf傤RK9f|-i<5ӽOo\ZF= -9%X}$2\røvȲ}^F4Ҟ7b̬ۋ׻Al6{|M:ˠۡosWоg+\\ǯ?cތg/q.gkG_XQ^\n6n:6zeUdN\'^e2ZB(ζ.ۂQg\"x̟:G-BD=./Ytl}6<ٷA:g4;Mhړئς4I-v뾆MAm,;C>4[R29t:_a.680~\0[񊊢+\'\'V]\0@\0@ȯ=r;de^N\\$v3U{&sH^|t$Kg<qDܛN87=+kbNM9el󄹡0KתO86;3	4*#IV7Svn\Zu\08J#~91}\'ޣ:qۥHI޷8+D[lrw\0«?cHTrZWTZWe	0ygv:FD-Yߴp1ًKrDA;ԟmZoqw.M#fzɇ[c{moŢJ\\--}a\"oaosor[+&^{=(Z;s3Rޗ؎{qKH]׾$1<0g_\ZgyrH/ޕTk=W]p]otP\0m$]GIT8Qm^Xӏf~:e$w}mF潙Jv֫sVƷ;W.qfEPFaCc5h\0\Z\0 \0 \0 Ԟlm118Io<nm\Z6kyFxFpRTdoN̹QOQ6ٹ>`X\\oH\n.a5gCBTWUZh=y57X{dk)!vs=\Z[wKI\"Edb6dQt`0뮕tZSƌ܅G~  G(ۋKZ|),۱O}=q޹\\iX۾y8r]uq;%ߗ,_[}=u~C^s=EDߓY;l:Wy-\0C^]m떒X_R;uD22+<cA3yw`h[ÄxE{\'q3L}C7\rb?vsu	ӃjVռIK4onq}&[C5[ۥ쌇h`q|ב]chzO3;z[^:e6~ظ[]6[s	d)oFk5skI*1QTHrW4Y$Y\0@\0@\0@\0@o1YMZe-i1xdkC役t+7$WWsH\'y_v<$;KGHzzncSLhT=Q:ܲe!3;\rİC}uCN\0^~m6Ǥ7\ZLzXJ\"}q%mGEzY.Y}(u\"?]g}T,f5S\Z}8#Ǔudv\r~j`econ@1$G)\\[dzb\0@\0@\0@\0@\0@\0@\0@\0@\0@\0@\0@','blanco66.jpg','image/jpeg',0,'\0',4),(8,'\0JFIF\0\0\0d\0d\0\0\0Ducky\0\0\0\0\0P\0\0\0Adobe\0d\0\0\0\0\0		\n\n				\r	\r\0\0Q\0Q\0\0\0\0\0\0\0\0\0\0\0\0\0\0	\n\0\0\0\0\0\0\0\0\0\0\0\0\r\0\0\0\0\0\0!1AQ\"	qBa2brCR$%\0\0\0\0\0\0\0\0!1QaAq2#\"br$BR\0\0\0?\0@(\'%|)|	OA3*zJn1ֳbEXQK@HR]9lWz2<n+T\'z[/V|S+\rD&A=Y5P[~ܨZP3}S~vzoadwnvcwTp{>I5WYDz\0tϕkM=H{%ym(A:F?qj7)JzGYYi׳j6dP\n@(u.lykjP6a-iI[r?vwI/?Էn[⼍5)dwviXYTɂ3$yNtH׍IT/\0#{JB\0=.WIg\\73s}NmKuVP\n@(?m1yi~5xV+jvsWSU:sג.	x`E \0o4F`WoD6b-*>iv^R\nD?uԏ?t%Kr\\Qy(\Z(\0P]f?u$	?5=#C~d3Fz~v.%.H:wVUjgХcQ~y֤&A?/]cEVP\n@(\n9iPp>j+G*^+QjU$+ˁ)\Z~\nKUH-U-͗m3ӼnW?EA\0R5}k\"(\0PDHTbW6A\ZUF}輴\"eH3\r\0\r}ʻa5?Yv⏗R}DL~\'%V#*F_Aq9\0-/¼8lL\n@(\0?*RP-jBR֣\0m$@y[6gܾiF\Z\06uT\'(TK=ivo:6m岿%톟P)dn;ڛeUb9͂(Ȏ]/WQ~2ʐ4|v|\'Zd3l\ZE6N\ZP\n@kê\nӪHkJJQ(eTAXlHdm86^%{յ/_ֻN4ECLA!*)j*5ڹ(kvz)5r3KbƝ\\Jq\"0<l	We%!sKPlBH	$lwLH]JrxRQ^=F^.<xuZus4x>iî\Z\0*fvHYy(gGm&\\.- wfV㛫bނEzb3`[qV@Q	#j[<P\n@GT_^euwb-vL0	uŨ-E]+XI6:\0*ƛ.JXk\'.>9\nJyjR5GS\\;^\')IE=}ز/%i%#h^\0n*-HkR7V-ZTK鉲]\Z6>;q[zhYb.G)*+RS\rw[K9iQ?\\ٹi\\ȥďכTUIqZBvR\\OͥԒ[cy-0!)(2\nJtJ4li̡VL~L-Ky7|3Sb/[1PP]PO#AwveڄUs~i~$^kxK@(Q,{z_Up+Íbh*DCi\0nmJAqũ<GK]ꨪNN:_)e[x:J=O\"+Yb12tLuXS[Gf-W1^5~?ևo=MȂ,кw\\$Xavqr[{U}<j98b=INzOQdGut)!R1(OГ!:3gaOmV|n3#qΝ07_lޅ_|Å͖PvQk+nDPG5w;8Cl$Ӊ\\QRYjaR*˒\'VfU|\n@(\0P\n@(\0?','blanco66.jpg','image/jpeg',NULL,'',4),(9,'\0JFIF\0\0\0d\0d\0\0\0Ducky\0\0\0\0\0P\0\0\0Adobe\0d\0\0\0\0\0		\n\n				\r	\r\0*\0\0\0\0\0\0\0\0\0\0\0\0\0\0	\n\0\0\0\0\0\0\0\0\0\0\0\0\0\0\0\0!1AQaq\"2BR#	3c$br%CS4Ddᢲst&\0\0\0\0\0!1AQa\"q2#B3R4b\0\0\0?\0\0P\n@(\0P/b+J~Ke\ZTR4L2zŘnpۥt&+&\0P\n@(\0P\n@(\0P\n@(└(%#_qLnMEebi[+vo\Z-	`\'ᑎٌ=\">1JR=vqjM9);Nr_72+swGK%<We<qX1\0fE[y>+Qr&CB6+ħc\0eꪕy&pact+i\'J9hV{qն&<z:<7jx-̞4w:\0xYy)|\0+\0ZcHs۸ݢ{kmM3{3ג;P]˰G%zQMSl$J\ZiuubridqxD*\0Rn=.\')w܀7y:R:ݒ#S~q{s=9>=d0^nh{Ҵ%=9|kNԚ_囙KF?Ξ[,:`	򩕑{3*g$2#H\\w}PP5Hj@(\0P\n@(\0P\n@sOˏrm~;K[AlWHZV=%\0tWE<gcJRx8W˾]xrzRQ%Iq^;ڕs4qƌm+1HǑwJOMh\\]aǱḨkXx%)L(q]Rt\0ګKT%ЙK\\;a,%\0S\rN)NXƺ!-4wip[C$\n͓erוʻ$<)FН,*Zl\ZcpEo<9Q1(@O7+W﫰*&	̳QcK	hKIHHkUnT[W\\c-ۯskQǭqu0)hl+w=\n6d[I55v-n<fw8G,27}(\r)	IqkZ(B\ni:!\njH~~d8v9-rJCZӢ.L%\n>v얿f~Ɨѹ!\0P9n)nzjq,>P\"%:j|O,śW^Ӎ5.@ʈ㪃rP}ۅ^+;ƶd僒<K9&ZAf^\n=@eipm]3&G	j;}ܭٌzIm}F8WrEjDح(J;Y4P\n@(\0P\n.q>_yrOCT7m\n~&z~\'s~2\rt-\07\rR\r%݃J	\Z̊z\'p\n>d\"9	{&,HmK.>]&sCvCr1xNC~\"ڦ^Q2^\'H; \'#%@l#B=\'\nYћ{{R4n0#`n-&hK혔NogجַK+\'Jk=7whX*cU)E6QjHnUM2e/%Fȩ͖,sE\0\\{>%=9FDK[_/Q.%7\0l5S38lfl,KrR`QF=~m< I\ZCް `OBI񩗤Ĵ?JuMXX/:`?#R)y\r\\G9VU!:ڼkU~s99W<(\0P\n@(\0,\Z97<}t0bۮ2V	ieGv EF6V;!qBڊH\\i8Ź).CRV4Q{kK#J3n*ֱ*i˃yAt{ȥK|eэBY*\\Lta/2R\rHҥ7`tri]BnKnl}v\0vix~go\Z{M3[8\Zw_\n\'FZhs|\"V/EP\0Y5pv\\c?/ݍ)CɰeerdSQdjHSW\"ԿqNY<Ƞ߀$$8̆ӨeJZ]D,lSlQ߁S-!i%F)*I֣3NYǑ+c[9/%cxN6\nBHqr6LH@q>\0[Gdܥ&ssIcvsw)L|?\0\0RŶ2KU82 ^SbչDz*T9aa؍q̨FX՞;#χ}hW@P\n@(\0P\n@*J\n\Z;|}<o=J7JR6M^gw	y#FrΥ{.ڊQ(.-X%z\Zr>H6n>.N1%Sg\0Vеmk%>FT<\Z%ˇ)G\"WxCo5)k(5M=L]W1ԤxU*zA\Zw(n	\rU>\'[{^dJ/B; ?0V7>]>%2u,dhkGOe*Y%_jno/Ҥ{{6.c~9P*Jze\ZB\";oϯ*LP\n@(\0P\n@(ϜL11\\mo8LD\r	yW6MGI8Ix6m(Q	*ET,D[R]OD\Z^g\0zmE[\rYG2?,cZZ?]Gfůo9i7l:{$<-攧.bnJE>&ԩքVp\nTP5T2AHJ\rI_\nAՌ8(ma7*< Jb)\'qHRV,%^jxR/I𣑬!ݢ/(fJ@\n\0u/FX)VՍo\Z=eK$VAL~kǝZJ\0uq~Sd^<P\n@(\0P\nS\n|$ .E:J~\n^\0\Z5y9ln^k2ZtF>N;=vaoQ6W	t0l&Go[\n#Mk5ZGoB\nGR%6\rX3JshbY)hFmt$\0RtکOsv&OŐ4J^MK%;Vj\r)REDsjgZO;#8=\ZO+P:y\nu}GK%F#.\'SH65\"#osb|^#~ͺzskO3z^L@(\0P\n@(\09EbW\0Էubr/6nZ3En_(zƷgAIФ\rj,OM(I+	>^5JORg\rRY*:V*\\Vv\0wC.m\0ԚЏ43ٲm~	xg{ɑqOz5->urR9%n\0=:\\UiKՃgI\0-\ZkdPٷTJ]__QZAȹ.!k:\\hzQoPR	\0ҳcMyYH=ʓ}_DmS-+Z%3aVh^2^&ּvt++\0P\n@(\0P\n@({\\;~4j[6Y:gg*>z0ǺKk-ŏjo1=ū5\'0d)aIr#P*ɑs\"j\r1)[l|ˊ\n)ea_Cɭi5:82v,J|M6<I\\dJWXp7JRFubi/><d@\0ZdaiɨKZz(_F)X m`YkA&@N`/P5ty,m-\Zʉ_[D6TOF5rH%r:Avs	ר~뭤mѴZɟ@(\0P\n@(\05y;ڞ),$=Ae`şeGz\Z[* Aӡ:*	6,᚟TRMʯ֠b?PC\'P}YFթ6 \\zrk5Vϩ|NI^qbKeF`bRSO[\nmT`ֽ=\0T\\ċYٕZ=G37(HXK-%)hxh6Е)|-h0# \0H_@5YɲG7Bl/hdEeOcg+#.)`R$\r}BVds=X~LgP\n@(\0P\n@[3Q?t̆\nR]ei`/ɳZ%s\\i6.AcRU֤؎|%/\0mf;fIp9m7JnL/0+\rСTďQ\\sjouI@NgsIG<-Z	ױm-V[7AKR\'sd(\'o\r&I5RՂйIOԡ[t4V\n2=Pp5Gaad*A2Q{m遨SV\Z6t䋋zvq4^?>\0P\n@(\0PX=_v4$ 9!=.ϣ\\{y,SyS_I	*AhTnj̢tXA[\'Ѷ30I뒙X,j,%$F=W̴!)\"]G|`׻׼$eR/Ϥ8My+u*Ys&$܅hƷVơ[Aܕ 7ש\"M^:yx֬OE6J@#S&Z@G>G]|t3<&,mn\n#F/ƿg2Jov|+\ZSU~s/3)P\n@(\0P\n@(@r%1I{O_3I{/\"I~m^NJe}\r-nWM5$zdV	v;o/]q_iKG6L<Ud%2fI7tG]#ٚ2SBT`*$tkNՑ{ l#D]Uf!\r]RQVh(RIiR-\r%%C[QU$޷²xkZTNF\rC\0dH5D3x;o;ʣqr\Z63c2@\'\0} 9:AY(\n@(\0P\n@(\0{g$i7ԯm=},gR^dEQ#smP砹hGfDm%=*dsfʂV=T2Ǔ]W;GUt!TZKP\nԄۨ>&Y\'1I\'sal,n֢z&bKb0fz^#ȎgR.7>*dsEB[PS\"2hH\r\0ŦH52dN&ɽOHR6ǥlZҗM?@E&-{Rsw$mEIE̫ʐ\r)	M</ȗuBB(\0P\n@(\0P\0Q8|)USz2lGK)h:}rn$p,:jj=@/K7>;,\'E7#w?r>ګ=/5ёVUsc¡v#,K)Ee@6O餖n[-e|_>lPnO`JMKTTQrE[Z`ohenhI:\ZceF렭7nxܞCL̶1$yq,_**jt_>6}+8v.*QP>W<_XP\n@(\0P\n@(\0IGP3\ZIyTRu:-~znjk\'2ϸ\06_\Zns,ܝZJ!*>(UTnz/hfmSd?}п=L\Zs%JRҢ=5F\r\"D*eDTzm\0.[7R,4Rk% SnƥEfd؆ĎO\'Ou2Xn7Vɫfui^G-Y=Ibywg|^:wn)zLgc9~<WU)P\n@(\0P\n@(Wބ=bC>Q̂fw%65f+.8e97?MgBqv*\0Ĩ\"@>`\"Agrh*%  \'vmQ\'zz3:j|ZR6FqVjHX:t&X(ɕl%nqtuKHqP!(&Ʀש[r 57J\"6&\r$b/,qߓڒaBVX8></ձP\n@(\0P\n@(}>>5FY@\0Qr?\0yJ\0.Ek[M>K}RNMۑ*@u65\0ba[E8@S䞇ٗrHn:\'t:,dä)\nHRx|XB?gn@L~dGĞS*BJa禍+caFp7Ƨ(lw|jdyfuEg]q)Q[lc*<]\\k<Uא[U#I2]k^Ycd\0P\n@(\0P\n@BoY\n?˧hQ_v\0e|7B.!M:x1Dcw\ZJVkY&cvy;MX{,zgYIN彙o\\H|}+2̀B+*:vjQ\0|*$X\Z\"4av\0\Z4\n	hnq5/iIȫ:E74w#gN*wnIu,Q{2,RܠMNV3/t@Mm1N9Q{BQbA}aq0x|V=(8xlA%\"*P\n@(\0P\n@(޾~-k)97!Y9.8`%!V} /[(edH̕_gd+@%GoJڊ:/Q_C^gob|DcdHYQo{lD>UpzY${*KGTVBdEϨ$\ru5:-(fa\0y%:PPIU9+8=kԸJW@|\n;Kc--	%`#CL5sE\n!`Y[կZ\'FRĈ={J\'6oǈl*h%IO|nG7X^*\rs4JKzs]ũ!\\iɾ\"3+ꥱQgɐL)\0P\n@(\0P\n@A/ܮDq_,\0,ࣤdynmL],|Vj^\r6y\\3Ǹ)ݬareʒR6\Zꜣ;|+r{#Ռ۩ya8iP ߔC@w+pk2PBM0SU88Z1XlXBfN.S=W*, &k	`6.h	O}KVPȄZK,d[C-(\'Qdohjͯj14*K!MOUڰǿ-v:Dcdtnoj>(a(0&Nͨ$oe<SkژP\ZZЛ|VֲS -,.H`tc*gs2\'qjCi\0h|,ob-\0tHlq\0P\n@(\0P\n@A[ʾl7!DN-6#\"?*T`6\0ct弚>uaY(?̒5^/㹳c\"F?%-,/ЁZ[.[R(Ŀm.Ν~$\'~d؀=1\Z*l,!	H\nz\n7[lIMV&$GHع9L4n`R$[%Y.`x[Lhdc%{\0lm\n[yLt>M6us+aZGɮOF	8!ffn,XVE./ppe\\U}ؽيQ\nd)%mЪKFD_R!9dqVݼASٞ|r%:KV \"{\nsXnetFB䷸(TS-θ|sc\"Ob[@H>AKUnqYUP\n@(\0P\n@G\0~{ßr>3$G\0\rkt&@okxѧےj*bv\0NrG|qh]e|6Ҍҭ$d\rzRd4-[ȂϧEp:9c;fi+}[*bY/8vFDnQ:;\n$+c][OMsog\0Uj@X7>گ[np2QsT0W**ģ*iĲhq_M\Zܓ*Td}N{v\'fO#c{FRK	.8]Jӹ+p$\"ĥ-\Z!ќ ܯ;/-pltm\0u\0\\nvK\'nriAñ}(\n$\"EaHt`f;Ϸd9!HPzޱ^\"3MʖzR$FMiͻ@۩0ԂhK	:k+,ؼc6AA^/X#j~O .c02\\mH^c!T{nk	|?yDE\0P\n@(\0P\n_>\\\'p0z82L\\.E̐?Jv&<d.:JFkj/q7\0W>v\\Q%ZܙXҐ&ԵHlvHJsk~\"}Ft|P|E) \\uﳩUF$1+3qC*&(\n[bUa\\,,\r]n<F5.e,a!mTAQHԓeON3~K:77pyBN`01uo7!yҠ~Mt钪m2:]̓P=5ժ3IyRspm%J.{[oGpӊqњ)9EmՆ`Ҥ_RI!j\'[؁UKb+V%dkZ7vK=OB9%DuiB\\7?EKʒkc<$~!\\[TFc	6! MK)(麶4KB9Ķ!	;p`Oy{Q|GD^vͶP0EʝӾ+<ω+BP\n@(\0P\n@(O<\'oxor8$rH8~i\"Kud! u$VR|/}ɢg&-_Z ms7I)X1꺤R~->Woٸed\"wx@)ZC)_쭯	%N2s\"\\t6>ѷO\Zebc}^euPTȝwpJQ\0--JRIw*)n1t.$lk#򓢵.C,:\'BUn:MzL:xc9o2W:SZ[\nZȱ-T{\n\0V&ܚ{ShTWWeGqQ``RյZiouSy[Τ[<4d2\'hu@^QG\Z\\%\\bV&lxZ$OZ7Em\"XmK.6FZHjL\'A1L`7z[-H%?)FBKHOĿPY2>#\'܏I,Duڀj\\%6E\0P\n@(\0P93	;%FJ&FG,\0hf)_J^p\nD&կ˩T/r,DFf/5!.#gKq)	A+p$\'JIlԻV_#Rs\ZOCj+xJYhYJQ%G̚dӊH\Zdh9%%%nij	c!G+&\0M17n3*H	m߉nNbn.G\'ȸUHDbMH4	HH:zfT#zr+\0|78,|<ܿԻ*[wmwfX2Jp\0fQ~gk=ǯ\nJ7S}\"ĩE>dsEeA*mH۽2s!?Ul\"gyC3!*UW\0m`?M#ntFc,1\rS)EjaV#ʲECёb\0|J`2$\\7Q>CʣRn]2rfH\"Yy\nTrum)\r\ZAVkg3\0Eu29BP\n@(\0P\nϗ<\n2}J	ēs\nʋ{F.[\"1ysp}6>Y}ݝ\n=7XD\rd^R8a-D:`u:nMꖈGO.?Aϙ4;39M07\\fB312S}oRk|).<Jj/4TsGmjR}6_j[Mxb[.CmIU֤ Hܼc,R4Cobɐ%H{m#\rzf?m:\0)o	@U2ŲqFEPl_JR_UKmwE-r%\ZP#*\0%1#	>,}ۇWc4]h#<XŭRh]uUi,iQyGPl\0Xk?!%)DZDo̥j@y%:#K\"d0ˊ.g*#n3a)Qu]l},;p1e[\ZV좿R(+gs4T\nB)*z ] ~ɳw_i\0~_9cRe[-qzq=KEunr\0P\n@		J!)H\'@\05*7nxq9^G-]ˏA-vo/n\0:saKtC\0#hGحFc2iu;㐱`\" \0n0[\">ƗFsy2\'$Uu,|KLx5TFd\"̌P%ûr:|n7z̎gAjm;8j1<#Z&Z>U̚!qA\0A7m*!VGۣw\'9#?9a-ߙaX=	 q*j?wtG}NdЙ̴ylåJ\"*?Z55Py\"vZ<g-1^K-6IQVeع>79vvI匼~x\nk8(	y\"z*\\P|l:UJ9\ZW\\+r|\01_ybq$ǖ[qn%#\0?ijRGe?\"Wњu؈϶\0NQMmnذ:z<IK)\ZC2^\0OΣ-ĺY&I	JWu+7\'[x!r\\Ym\n܍$_ԈZ-w4lZO@n$(߿pEдikS\'\'8Ғ:kk$Sx;w !3oӿKZڧc{־NXP\n@y>QzC\r2+RrO\no:2Tx`(*PIh{k}O?m<Qwס2=.)Dz޹rzʟN)&R[=z/SY1KG17sqU픶))n]Za$+P|b<Cgoi{sϥ_i7[_wv(GSx?}G~wO5ʖm7Dtw+hanEfo*ٞ6x\\,G{pUGjQac9:I$;{u@?$]n4\"y}o8u2\'VlVPz~oWm%6\'33G\0.!m)d&JR_rnUǡw v?lzR5*K_4s&Cc]M j痒\\x)]!  qZwx+\Z8,JS<MhBD+\0Jil4)R}<+c6ˉm+**YJjz)^Ƙ)&Dm.>j=6QҴO$;?R\rKAP&\"5,#;\n%)\Z\ZRL\\J#[B%)1,4w	G^Rv/&BV(>\0WD­xP\n@jq3lb>_p7JM4zd\n޸Sr~c*\Z75!\\Zralz˸us|L<_zO*$:NEQ%!yN)6_ri0ri-H!h,nmSB\n;\"rݗc2UX+oVRzrEJGPnZ}sg|\"agTCa_z槇īo)t3n唶1|JXa~kG:]<#s㸾+\n?c?ʚDMBHY;~\nπ/\':ƴuԼqK3-d\'Gv	$~*-wf]ڲe<vJgKi#ԵP<jyjv\'%Noծwtg5-c,^M)\0pt;rsrBNaﾤUܢv*r#cQ)),!iJVzzU9rf~%Fh^?O(^;t)\0k-mK>W\Zn*=rRFkB(]ړD`Y,\r1BSQI6)Et8ɋk-גY@&HԦ\0$ߠ5qA6*Ƣ26qM)\'¬IZ/=[n\0\'IF&iI=+KR$5gq~UZƵَ=l1$!҇)f<߸\"FT!@(\0<w4062f:JBU}͵QҮpkpI{O0vAN:YF]5=]t:{⒚Ϛ-OsnL¶MlYH\0$=殩GąpWw#&;+d%Qst[~@V\0繶zBa9*;CL9]}\'G*wd#͵ovra9?2I&ǯ{MC+`<#m^C\"\0/r<PGhԏy-jk~fjnE\rb\Z;lxPmI.dxGjtGal\\,IXR\"d39vЖ\0n4Ut[DQ77Z6*bIbtŭ},\r\0+[l]K]O$A;SN\0ܻ<>% jdKզ<u*{ꌾm/\"HVS1v#	/>.B;>AJ+\0ҽW6k\'O3ؽ@๷m\\U\0-!rJ(]ٮex,rC-i?*%JP	Mm﹤:Up՘<Ͳd!ZH@vڰf^E<9x%BR<ɫ4)\n_#0\nuW^\"Ż[R4ľ7;\ZJ]*i\'?e`\"cYZi\0*&SwCr&=%\nہQ9J_J13vY\0S}2ǉ),_.;9ҵ԰^\0#;CƦK\'r(xI$]mͩWf<)*bP\n@(_.2J4vUĨCyzJ)CdV̋\r\rݫUȱjTմs|b\'_78R\\m	OG\0+|W\0r/s\0~T7f˸rQC5>HSD|g=VkmeoZ\",ViI^V}zE(2\"tQ#PIQ&ι/.5}Z^>@$o/Lq\\{`a\0f.qrB\Zdv+ᕖ;}xP[ݳϼPFC݉Sog]P>;wDyGU6[U+q-_79~c-ހTw\'i^n\"ۍɒ܏ŮrzN%b%\\/Y)$H(&ea2^[cQ65葡\0m\\k9}Ai!wse9qcpu\"(Y4/`SS\rFDjKj</ϥ8\rd %rFu\"\r\"r\'cx5VKǝ\\.1MZA\ZBL>uQ9gT\\L~9k$IȼJK_S%Or)Y&zT\"aC5+w=6^FK`-mce\0(J~ٲ8^Z\\@\0u^_-0\\)<1._cH,	=ŧhu *Rঠ,;S^t@(\0P\n\'(AO{~YfR9E8̖#Hp!*Q7>>5NB\'߻}Oq\\;\Z.]HIc8 YP։\ZrdI98֦֟TZW\";::BV&̗wk<,VB.}¦\nIaɊ+(q+EJ,|ECox_g,CCTgq@	ƨO%n:|X^{_ HGRn#5|;)_gTkbXAxʘ٩%8@FTp|b/Vs9)uDqjKBI]^aGg\'+Iq2DC.+B}k{wN{<#ZeOKH~5hyڿȴFa|p3[Zx!bAY믂GV#T`ruY,`#%ؘX6BqSlg;:i@ItvVH\Z洐Fq]~~pLr3JW-@W)jt:5O\ZYf[7ú!`m*AJpॽ\0YU^K\\=B4\nIf$FRmmJR\0VIaάP\n@(\0k缣= kʙ\\o	 P\'z倧N-eƳ/d\"[s?Bz|<ZFk/RʮMr ~\0\0٩v#zOڏ!sbأ4M\0MBoRyM\"^\Z)Fm)_yٮL>[f<q\\u?YjHQoI!eڲ)v*\n<TH7~}zF?qSU[ZO[G\"\"֋:(\'qݭ|unuѓ-y7t3	v;]	#a^Ʀr(w{CPqnuRyM~HrͶyHqg:D:ُ0qE3wvei&P	q	荣ڪ|Ё;oc]lkJCYLT%4P,!hrpoUyvIӳ<Mvȷ){\r22Õe19+RB,~:Tǐ񇩸85#̃fq˖ODI	6\0\rUj4wɓ/_$/TY?T3<9~i,Qݍ앱ƄQaj$V̡- \0=աހP\n@(\0P\n@`2<bl\Z[`z\"߷,N-Ew?\0JQrMt}ut&&i_5OĽIG+W^wHo0M_J[6W#uQѡ)	VJIH\0-[6X|xx#rٮbஞ>jBFǼ|h\\Pi˪ЃG5o\'˲_ȶ]F=.-E	Β+w5|<s|w:p=wL-Ԑ?^^r/ĕ]_ӗ?\'\0\n1e{o?H5l\"ݔ7+58ٽ\0]ɨɛB7\"]~?V,l\0osRXP\n@(\0P\n@(\0P\nDHZMBJ~+*Ml80EjvoUV:=܄\nr,]Yۉvl;61E\"ՅV#]m*J8	WE7۬}=1{N6I)5\n)t/P\n@(\0P\n@(\0P\n@(\0P\n@(\0P\n@(\0P\n@(','8b.jpg','image/jpeg',0,'\0',5),(10,'\0JFIF\0\0\0d\0d\0\0\0Ducky\0\0\0\0\0P\0\0\0Adobe\0d\0\0\0\0\0		\n\n				\r	\r\0\0Q\0Q\0\0\0\0\0\0\0\0\0\0\0\0\0\0	\n\0\0\0\0\0\0\0\0\0\0\0\0\0\0\0\0\0\0!1AQa\"	q2B#$br\0	\0\0\0\0\0\0!1QAaq\"#BRbr\0\0\0?\0\0s?ϻ\'oGs2]\ZIQ!Ê.= I6>Ir+hse{09)a;Qu4\nR!H4AT]x8ev**-IK\\(H}7gmc-ع%pqյ~ir:[B.9p_xTNj|q-ңGGe}ۻe뷺{O6󰐗g?#O;	\\-<?eiv{kH峍Wp״3qS6\0>~\'ǫV!ȄeK$7g4P\n@C?];@N/Zu\0\\%{?\r5$S?>Cx~^KHBc-*6y>2MήPUWT_Rcy&\"cƊJT)&V/IN1m,fVղ#))nOY3!*B\"F|y|:Wun<rE` p+ؼU0\'V&w#?Gu6l[*4P\n@YOQ%NSu.S	.BOEЯesg&_U>3MNg[H\'˓ߎآwu7kADd4\rVۊEEz:B\0Ya^WF-}ǠB[LSO`WըIr^CsˑagXm1[G\n+<P\nǣ-b\Zi>!Ԃ?:P\'5;ɡH&\\WI+,OWԹ&fSvޫh][%\"(7R\0SQ{؍ngq4{$!&\0ObAʻܟR%(HҔ*8Ӛ@(\0ȁtTJ8云Y/wWu?2NJUOm\\*ŋ5#Ֆw	?ʥ;E|v92hvwHo´,Fw)kuY9@(\0rg<֜ye\niO:5\Z*WXcoɬpnF:߷JGj$rZE|5\r#ӈpPM\r>o¨J>oGH7o#\'٦ʮOoo_`]Ɔr>QXnn3ȓAqqTw9T=}bP\n@(ꧻLlѲvBPr/A7Sp*XHn{TY5{f};463Dd2B[AUZTj֥7COeYp?l26Bb:Zqtpm(W	M\0qQ5D/ە\0YK?r+:t`s_:j4F}g<v-f2Yeif#%zSPyR䩲Z/-R@\Z.NUvQcpeap`ϐɰH-\0L\\+Rȹ4Z4vC+	sxv阦bVLH\"TXWOR-e%s75hFܝV*Bt\'2]Ȝ9G.	FRnU/?нG}zzfPѓpe~iݷmu($y5\ZM7zvR6+\n	WbJW,7F>IgVt19ma+)CEÑyK_3G*Tnj@([;C	LK/!mhc U<w-6RB ײ_[w(۪Tq3_GddO*δJCvWu@8Iy	wը.Xz1e$nSWr QPZb\rS}\"~lYZu2w%*FVQ_Gܘ.\r(yPݎ%Jan>I]%\ryҒ=[$o%L<fEKq[;!Ӧ:Eá6k^t)vSMCVA[6syXW`/Bx\nNK&n%ł*H+(B@$m5Fs[T_e!@(\01[_|1{?rU8y7:2IUV\'.pcyURS]<Xry:\']UUH9I`vw꾖R;hP<\n?\Z\0\Zttݛ}1I`C^s0LJ	KKm_@P{uZW\0\'e;$\'!%ԗ%\nR#ւrw-u.vsPpĖu`pl\'\nTS?Sfʿ]2ظ_h`0ĔBN\'QԥIRn(Oj\ZPRrugP\n@(\0P\n','8b.jpg','image/jpeg',NULL,'',5),(11,'\0JFIF\0\0\0d\0d\0\0\0Ducky\0\0\0\0\0P\0\0\0Adobe\0d\0\0\0\0\0		\n\n				\r	\r\0*\0\0\0\0\0\0\0\0\0\0\0\0\0\0\0	\n\0\0\0\0\0\0\0\0\0\0\0\0\0\0\0\0!1AQaq\"2	BR#brC$3cs5S4\'\0\0\0\0\0!1AQ\"a2qBR#\0\0\0?\0\0P\0P\0P\0P\0P\0P\0P\0P\0P\0P\0P\0P\0P\0P\0P\0P\0P\0P\0P\0P\0t4Ӽ\0\\]Ӱʑ͹l5)`0\nJN֐6S\\\0c;~6e)Bg3ycLG#I1\":r|7\\?Ig(k.w-*Hd\0)Vg-^?O^vNe(Ǳ#xRZWͣu{M|yzcOŖ\\}79\rӺéگ˭kw=#3۾]1^lG]A]\"<YAiV()(J (\0RM\'it\\r~a6&7کldh?<Vq\r*L^vNBIHUAkX[莊jOGmH6oT]}U[|SǛ,[L}I}w͔<lzs(fh3SC1AK\\}41ݲ7[c/\n\0\n\0\n\0\n\0\n\0\n\0\n_ZYY#^v\"!>7r6Uw;]j1U⫁N^,o#gUˑiz_k1-#RqU(-eD}gU^f,h2qe;\"Q\\?_!巭zx3νj	K$} EvVg>z)6FXUVص/VHa6%[PIUǕsd:gOkU8b.g3\' cwQ-7X\"b*t[ʸ&u+?q=7`$%?$o͵ ]2/\'gM;in68(e8D?Mz{x6GVzGd$8$+2Hu\"7<z$x7Ui|TŎ}fw߽2_O 8(G\\}AmɮkǊ}MSw*_=T|I&7ȭbD\r*la,>J$BMUC9+S	Q\Z~_mZh4rxِ򘹏cP]K&qLSn$5Yzxv+Bp\\#dxB6OH\0ާO1]Up^Tu$Ǜ\nCrm.ŔʂqIRn#TQBB((((d伇gf18oN<▙AZ\rt1\'F6<fЩh%o>l5Brg<]r\\}]MP>=k,)(1vq^RR9wfP1 ?oZc(/nE?f8c\rłR*}[|RKvo:-r-U:Q>v񥾈U/,n[πxQKk_Cd!&$9\rώߨ\r%͡m{j-5+Gd{KrP\":%!E㺓-:ڝj.L{v5b*!%!iI>v;1DωrCr}mȺñʑ3:QI,2yƴtݽwo۵}?eJK.-DYI%ZܓS]r+nJ\nRʏSfˣ}EfhQ;=\rHb6F𱪖OA\ZTUz;֐Qܱ1\rM%MZ]*$R,6=ŵd-=F>bG=Ϣșx·?d+Ch;릻\rcRHP\0P\0P\0P\0P<q4\"Hy?\Z\'){ʳ<s D+n{\05X5V!j/-;t#Mju\'K+	XR:oRه6F:J-Odέe<b=\r\"ճ6pîI\rUW3NZ{N@:ojخ7(].{JNd5ϗH<KikYI\"γ:LZ?t}	-> Zir sqͧ\0\rU_l6${Tj՗t^v?/v%\'FC*Z-)ҕ5x\0e0HU_CgegCqCOuV-#ǐ!gpEan{&U71ıYgde8U}QEVա#@R|M]%ejUHBpu{_]ꓻ99*i>vaj;O\ra?%Zd\"?$\rg Hu_k2_U (((((埪NFa+ iIi%g -K5O!mGRO쬯:1R.I=PǕ\'T\r}v^\':3JN}h\r#\r$fy/Rr%Dl\0֣ZtHs!rdYJeK]\"82%8C ,<,=[kk~z\"iu-}H9cy%A\0>:ޱ5KCuƾCrtG\0-(HmRL)Vu5~U&\'33ao\r.=/(lndD`nr5[Ęxoۜ:%(}E/J\n!cZᣌ׏ױHA(Rdmaح{lxcqhOSJuzt쮜4V.{BmlϦM$Xnug(q7o~-}8<=ж0ERHP\0P\0P\0P\0Pɟg2?,sy7$fέ(d4pk	ܕ6M쪝kWk*\'*ɪfĊQf;EȩHVhY\"!i:{4Oi:k[cM=MQ|b\ZAHZ([JЖY8-|vAQB)\\$\r8~)\Z<)\"6G bbˎ:iK%=r;_k%<Dr,Q}/HNpo׽kXl\'k&7OafR7\":	KQ_Mnk#|mpE\'%FCD|ji`\0+,KIE\"82\"G94VBl@PP}E?U݅9+Ӹ9qOPuQKI}\0%)RHM۟^^\ndeQ[t7\\]-Z%y^cQU0/XrJP?\ZU\0\\5ĦE8Dlyɓ29U ȑ)䄬(J4k>_=]O\0-ˎб[ƥƒ\\t6^G\'Xz/[Rʴ3-.0c$+5dspG.\'rp[\"$(((((\04&a;JA[c \\)DSVmWk|OcŹ[IF[\"K*\'m,k\'VgԥXe*KD=ks/l\0E*JHb,:	P6V Ғ8jcJKPBְ	ҳ<4-[4	\'<df\rFc)T>YZ/Uohؾ-QN=8V@)\0駶Uhh1GSt\0j~l,i cZde(F_U%FZVLEI6\"i!k(%/(C>ubI{\n>~XTnv~o,\0]\0P\0P\0P\0P\0Py89gj;\ncd#(@xJf7#T?h5ʴgvMW7)M%I6Q?eYng0 A#zUIhIDF9ukήIaT2\r[)RT<ƶ5iȭ}\0a.ێ%\rPJOsM0~\"|6R]\n*	\0tjZV\'DnXU$+G@}\r	#JI2EIZҒ3ܲmY&ɰj۔صNӪ.-H\"vBwizF-)2:@HHdB~	>T<[]	\n\0\n\0\n\0\n\0\n\00dH\n\0ځe?\\g|/Nֲ[y\'O`H,魦8c;]UayW\"]B5\0+|~چZ{=mTloN\rH,> $qAS	Ԇ}JY\Z\rOU_qxSj$RXesl+C&	D:վ+=M-*nȽY?DL@ڀ5T{okiƉٚ*GhIjeF\'٭XibMYXdXE#7o8̀[z#k0xxУci[[$((((((߭89a@Y$!)[CQY]ji~ťP\nJoszI!IRQjԆTn|oېj^D4E$]*FV*M{tO*Km$MϰTΌcacRH+ff3lXTk,RfrTLj#B}\0Ugr}է]tJN0\nE^؃ѵzb(kQT\\\rOVL;H\ZՑFZ-*]\n_ë%8e&VN#D%:jZ}!!(BF)\0p(((((JF|/{3~]NA¯\ZOV9n4^q$eM\0&#φ~:`{ױ`hX4	ĹJeH-;RJH	7|	(**CKp\nRk\'|		\n[TٷҦE\\pm㜒	͕Pm\Z^]яV\nR<fu \rЊ4;\Z\rPm<MQ\"M$8T6m]n`PV?C[p[\0nM\\G\\b@Z\"lm d{-e\r]ܭ1RQJԠP\0P\0P\0P\0P\0PGcE>97cOs\"\'R\0qXgKM1Rl~AZLNCjLE\"zC豶MoU^eq(-?!Rg#N$.Yc=#In!s.9$!Nm.ҭTVBm14#\0\\*QX/KMTQc\0[he]܏)-ĥ`y䥔PPtH iYT꤁t=*\\&w{YtlER.q\0M\\<bml~\"Z7ú_~:Tl jhv.T((((((/e2\ZRC-\rnK.֋TBI[\\>FvD)eJI\0mj$:Dpn܈Rmrå$8AW&۸\n97!cB#LmJ%NBIZf_91FuWbێ!`/jƝTizmPW\rJ{Hz\ZRF6ʖUq﬋+^UX2<u+*9ӹ,4tU4HRFˊ倵2$?f}BnNn*C=lVa@@@@@@&?U\ryK$TטKz dY:|CRƢtQ=rKt!I\0\\S\Z5֔B\Z\\QFGr2%#T4VFeJ܀^\\oTQΝ6J1`lB&jgǮ^kǜOc\01%5CDmv{ra!	,&Jt Z̢{G-eaʒU-C&oB%oGsk#\Z*Þ>C[@=o*PJr`,%\\P_Jq(M\0LI8NaC2)H\"<q]UZmN_Ύ& )eĥ.#:%6IrкjZ1R`Fy-ﮄsjtM>#[c&hf@@@@@@quV4Kii\ZW$q4<B\0H]ץڳ塷˒lI#$-zjIQ%$ӭ]q˶>t78< 90? \\AmMVo+\0y+|(mͫShJ&4\"@V~5pbƬ$miԇ[7.H#9-{q6Oyp2S\'	0JLy9o5vs+-*v7_Vo\ZߊՒIyx7`]39gdmk\rO-)||+wk&s\0UGcaxԴ 3<G%µƻee^vH$ָ5eYfVIG\\Jv=dB9Hmͺ5gz[؉ciq\0&ֽlg]?Nr,ɭ69,Ыu0[c\n\n\0\n\0\n\0\n\0\n\0\n\08mz]g34\r:Sz״\'Saq펖\nPZ0u+\ry++BukH̖\ndDw/!(ZN):Hm*X㝙([4)>~k847s-6\n_J`NͶP叨BHU`mË\rBOTzC#Gu	!iQi˄\'Qsqq}jUَĞ9gk<1LYI\n!>(WZ[>.{[)jRE	r*\rAB	P\r\r/^Kй_G %x5MAHKv\"pJ\ZN.gBk)iI(\Z½8lKRR!v\Z6io?eoOfՊ\0P\0P\0P\0P\0P\0P]\0\0jNnZ\0Ta^\0$v$4J>^ڢ~\rEGR	%4,+[ARSqTXT\ro$&7#j,l;|˖\08C,A\n]%R~e2IMi\nH}mToSUz&B{=;m!!\0mmJ6Ue$L\ZTË|&6S\ZC4t(y]+WXL,4wGd^Eʆ\"۴GFj*|ׯUȵZd*yռwT\Z$0smo<Kn$t	KC1n*ҬUOɍ~\"7PeWMvG5fԐ@@@@@@qɴ6/pM؈z{S&Ƙ?)jK-cZ		SPcĔ[SdR=jPWom*S)eIJ7\'Dp#\r~RjJa	e⮛U*oeq]&7k#S\rJTԵ5\rldR̉.hJrnIʖȍE(RȈIBQ`}%\r4hG_]<+6Y}=T&OD8vڊu=XO)T}=ǓfU\0P\0P\0P\0P\0P\0P\n[9#qVn`; Y\\B7Vy?C	c122	)GH\0BRT/Gegg#]wWAph̵F)M\0\0\nHH]m#f=*)U9b25V9\ZZ()НtE^L]V)\0M8,H$\rmZT-nƦ5,4Ju6\0U\rN@=AYܔ>4R-bwPT@@LS?G=ũtEL\0Af78r6f@@@@@@|}n}x=\Z6GY\ZkGۋن}Y\\/JpV\'?\nKAqڲ᥼?)[R,=*g3RA{D#RJ~\"vI,k}ajq\'IiPL)_dRr\n@[CR~h-3d\0JDMҟaK\ZizD6@6 _E֠\r	Ffbkd4\nplORI.!nQܤTZIQV_8fˑ\'fA)]x:Z\0P\0P\0P\0P\0PL}AwJg{K9̷$@q$C)Q}7\nIKKQʹ2irL\\K*5+|2k̵T[\"&d_/u5ZW\"CLȫ;n@H֡UtC{@	rQ#dT뛑#rd@$\\\Ze6\n{$|UF3k&QQjwrNV/D#U\0H.}D/\"onuiI$e	YpjH\'APIgfF};csh,=-@Њ̱)H\0ެFԏ$2t8#^>t`\n\0\n\0\n\0\n\0\n\08woqݡ(5+s)m:XuQV~Ug%m:b{Tb#(C1#_FYE6=|Cҳ{!QE+BZd2Ew3lO9եu\nU-Clmj)n)[	$\rIYԴ;_Oe5\0\'bz7$mow[/9*nm,Eq-m\Z.4}AL<@y\Z\Z%MWJ^\r72x}Wk~Ad& &WRBcf\nyvjɌt\0Zω-M4(JW3tEz\Z[G\'>ġ#_Vُi#5r\0P\0P\0P\0P\0P\Zi#m3|Io/aIAHJ1 )E\rg\'k7p+2NVNTnL܃*T\ZۯD h,vt؍@)ęiF2P]98U\05VF7j##2Bwk}t:=^$դʯBoΈ\'q%	)7UBd0I^_/PE뿑7+֊ǩ\n\'yt;i/9 d9*2:)06|+zcԭ>?u%JzO;3F)IP VV5HBX@~ڣph#i) xzDӎ+P;n	Z-$#m\nDxOe ;68xeكw\"\'O~^ưZ޿]BIȹYƻu K(/R7:ɚnk)dy#B]abRT4 pk2\0P\0P\0P\0P\r9+r95vٙ)!YIRI\rK>ꏘrE`_̓\Z,f{	UoQ4\\ս	mu&ݵ\\]FW)q89\0S)*mx($eo{25{|AȲ%\rKSMD;Pz:qFe\\Xwuγ[&NK%IQjn-($>^TeWF uriL9è)ԋVnjbJk#=ώ8#nC`lj$_lokTǎK/+m,`x\r㰱~)	Ưm4#\rtgՒ\0 -HYYJR@6R!,o*	(X<}RIWALd_$\\81qAq\0\0\\qA	ͫ}\0q1hM6E*t^:&SrH䡠<~e`ҳO|*C.6[Y y$xVRG/\'flKX2=~\rRm/g HUN+j䫄wKCB)HWIƶ\'$((((_aYl\\lf]yO!	4>yP;&h_T^7iE˼ڴ\'$\'U^\n&vAK͸	mߙA Y[8,!u,Լn[Rmr[fmzF2%ոJ+{WΥCrI<<֦yu!+[{sSI	$	\'RjC/.\0ۜ+&dq<74~J[Mk<`7>c,s2SV2E9pIܕ\nʩUAĹ	 O,	#TvЪ!qjIi4$1\n [Ak}tQy0o,V+dvL%\nmRJE|af[H[Bo~$;Ce&-\r\'b	oAop;x&/\rBEϙ>5]Ǔ#5ݔMFL\Z43sqV䘮6G@\nֳah*Y^ǸgJQ+BPw$.;m@tYĶ%$((R(\"Q@T=ឣy>Fɍc=#O*uU֎AA8Otإ\"\\sKHGQɗݜNSwg/7r|Ķa11!LECHJS禵VuJB=8\'%(Y*J$WH#MbYȾhd㶑lʓfB#X	JM@}ՕiJjTsT,AHZRo͍sԛVꭜy$:.G\0]]P?<A-8zTԖ\0TtJGRJ69|V\\{_7²+N(3QE#u`ة;|kݶѥbey#.S#&lmUjgYN1+Ӊ.=7\nM@f\r\'DմZTnIt)Fѱ\"F5+!JP;JҬcLf]i6eg?{I(8s;j0_!&L&Zx5s~ǕF0^wF̄}ܰ57ާp\n\0\n/;g4{:9FFiG3ɼ^c`bY\"\\jY`KsVO<ks+*3۞\"E|2)AA=/JʈxYi*LD7G[U-Ҹtk;թ?UWv.9W8%\r\0\0:WdVp03d.ShCiR8<~NoC_3ɐIiPmT/gU⤤{$ٽ,d%\'.?֔KXF%-ںP3\rT?IL&Ja`TX@NM~\'ԃUJFyxn5hL}g/(TQֹǉm;\rپ8=#7 d䖁ꃡP]MaY{7V\Z[=O/M+ɪ:QԶ_Rگ.nO\".h7,IB\ZJ\nQȯ	MQ5T2ze[鶡d&AEt\'6\\gRm&jΏFo\'h\Z.\0ekFei}EAڛjkC	$mmBQNz:9?{S==y\0Pľv<(sq;JX3+J\Z\nͽ%]rwedɩ>:}Śrjt[M7\'q-^\rqDQޕ\0gy5\0=jm{-7AJ?ÿ搠hV\0aVW[/;?dHJkbζwMmρ!K[.?N`M\0\nv2=QɫL͇\0+VR&nKSC3-ӉmGE!\0kJ|vZeԷ$uJY{KnhAmh\'Z{q}HsG)}\0)=}-TԺr<&[PlY14p:6C\0x7/f{X:uKSc<W30Ap%	G\Z\n}EM?R#J#CHJذ]\nC\0FM~0Ar7$Jۍ`><$F*SE.Ed٪BPW=Od^0T\ZN敩\'%䀒ky}6C\"Xuڔ?x/i5F{Dvl}5{z\nꥵ9/]`?=[^euv9t%)HBRA$*ΨQP\rP><\"rj~!%zxA|?ezzOdo,6V/(!!	$J:\0-@|rxw?,0#\Z2~08AIBk,vɎr\"2\"\0L%Wm[]OhTsL)aq$l7kxU.Ӯџ( 6ȱ})	#۠^U\0GGiRvٴϼ\ZiUmEhOD̅M~dqMաlr߷g6Y+lQ>B)խV-JY):WL-Y0r!M)\\n5ȸXln%F׷[WZy/,54bxu\0m禀UT6Жu㽥5KR_r=Q*Խ:woԆBMϾڛً\nƽir6\\vU^L	WB7Oe+\'KwO7/ӈ?ѥ=i,kS7ig[/\'SXr\\V?^Sp{C$H*YHYJɳT3[mSVCcq՝M#)2/rTA#~5UԗxĥJQGltO,+Z#+dos/*Si:դ#{͸m\'u\0Mid\"Вb1<eGQG\\OW~:-N8mN\\֯BX7bkP{q`2|Ju-6=l	R@MyUΊo޴QJOY~{\0~@+$栧Á[I/))!qU89TSb(Hf.MAY)C*Q^imʸތڡQգet1v)?PPEa#N0Ajq|Vʔ\r*7PJ\"؁\0h@&EYUJf^(7aIQ<t5lWI$G=4j.X&#+N9Fa\rD5|Ѳ[A;ldYkHb:L՝VڏUtY<j+P=ԘGg^՛߰/N,C\'e0ojۛu7U]{fd/(HT97dK!\\\'ApRĜ7v/.kF:iB	liX亯Fe3g10䙈]	Zq&\"pR\Z;#\\	\0dt|\0#d5\"\\ۛշP	i1k^z5y\"㰚_^s%u.QF@\'UUmZB#v\0xGmmՏ\\sU-W&t׮ѱ\'&	PS{\05+D0?j7l:UL94V\rĎTHk/bS^kkb8b\"\\{JzAЁ䋚>ߞ<zncv9rwNdLzw^ͤ?7]>X;>Qz\"ꀪ(w=5xykKdej)5Ujǝ]Z&r;eqJNiU\"K\nNuU-֮Qzw)}.Mj8AW[ll«#C}deZcz>onw`,Q3UT5M\0J@N\ZݿD8nL\0ԓ֒u\0\r.j?S-Qc.=PyTx$npqZ+x>J.`p0)C-?mWf^y[]U$Ʋf)D+$޻W%\\PCA)KPARS,JuX^$h\"u񩩺RAԬ<f6ϫS_}[䂎:Tb%zh5}K9O1\'d̒%&%6 m^+ݓю2Z9עȸClj)ljbZuWz6N0{Bf-\0(6(ԃl݌myrŢ]j6*_Szح]l]A]B?4Ecg*0~22\\RR~v4r<2&f`\0O+Rh*Y_;<ܴKaT´rL2w4n3e-&\0KexPV$򜤾Y9:k\"8WceJdR-ɖ/z,3-[HM&T]X[ ;86=^M~RtЙzd y^ឨO*$Y̮4KG}	q\n@Dܢa\'%RAhBhq5-~4Y\0䐿qF,mnl4R?U%?/3_≛znsܒB|PXn\0nAݚk\\YCb.ZDQFIH6i~[$)vE!Ng\rqVnHZ[)d/pN\ZzǺ66jGVjQpj&Hz\rYj:x_3j}&jȹ=Y]ܬhI}Eso*3wӫVe4G9U˞tk߱\ZIՑN2kY2#!WiĨ|վ>f\rwc:vж7_įº\0f܉̋IKhu\ZRt7WU)h\nc4D %ʺ)0LHfFC!,om~|ɗD\ZrxMOBA_]WHd.%=ZҝDa`qKRu)=Hu0fq#5KbE(ʺ9F0umTNߟ+B^\nM^U?:ac\\7ip^LK1ydYJZ$#cFn8c˔Cm4J|6m\"c3DC\0i\r3ڬCCQ28YῒJPDxq\\uj&MZˑUjY:c$NB̾-}{d?1COCv)=O>VZgΪuC\n\0\n\0\n\0\nAx=˼nnĚaO׵>V$2)FZVrr\\h~C%\nhǓlSvI[l:6i;z4WyDHPQ܅~KBOzQY˱Bc8jgt\\T\0q#k̲uӹ^>b]Z5\\\'Z|w\ZaKߑ͜Aq S:d|L<aCPH6<Љ-O>Az`K{D!L1XY?\"aQ\"|K{Hf2G\0QcHHD2ΜWƹ9d*i6t*I!KmX	ۆ=dgy9 Bۈ?,ҺޫlSa9O=5;s&rL<sAAtѶ<jɬ-Y;/Dt\0K0z}	vGwjZ~zn<}1ִg_2Y->\"m|bɣLvpZ%*RVmr>U0Vs\'5{	ډc/HuL7qj-\"2xCC\\OMo[l>_\0!G\rKDÓ6Z7OTv?O<\\_ceV^c&;=1Jck`tLK0[[}Va@@@@#P^?r6\"R6?$2!jY<EUߋbg97C&-,!mAI+ڻK)%g]OԆE:u%%\0tkX<mK=Xr0kf\"KEGn]:Q/Q|DP3{m?uwFɿ8/<߇\"F%HE6~p2,?H~&\nCj 3&)]THw2/~%I+SS7K\'Kܓƣc$(\"6>4@nhRFo}OT7eGN1\rZ|*\n%$(K{XVOJIIVABU)ٽ{}F#loǠ[!ܯֵvܗՊ\0P\0P\0P\0P\0P\0P{}rSKoe!Cb\rnۨƯ[%RRZ7gzk) USH2R}*̵3dPgb\\\\|n7񐎆x:أZqmI(ԃj/эNa6نƷ)\rb=t(ySظ2r4:f?uDUlgAu%EF\Z%M8N#i:{ҧ+%Y+Ťϒڢ	mJۄD\0{ՠ̉~NJcmЭxN\0}-ՕS*:\nQOOL@c|ZkZ\np)nw78dOg2s$0M	hHbEOUlg=\"p.Yɍ4%ˋ7իD*gՊ\0P\0P\0P\0P\0P\0P\0P\0P\0ْ1D|YҙCXRA*ӷcs8Oqo[j۸Bi$B ~>%[\r-*IjL)t\\jdA4N=̡lML2\\QfZ7$*KjfTTx*&\0N\0PXuf(xx]CG_P(̇y]\'İ)~$\Z@2c_[\0/\r!?\n	lM!z$\'T%\0P\0P\0P\0P\0P\0P\0P\0P\0P\0P\0P\0P\0P\0P\0P\0P\0P\0P\0P\0P\0P','11.jpg','image/jpeg',0,'\0',6),(12,'\0JFIF\0\0\0d\0d\0\0\0Ducky\0\0\0\0\0P\0\0\0Adobe\0d\0\0\0\0\0		\n\n				\r	\r\0\0Q\0Q\0\0\0\0\0\0\0\0\0\0\0\0\0\0	\n\0\0\0\0\0\0\0\0\0\0\0\0\0\n\0\0\0\0\0\0!1AQa\"	q2B#Rbrs\0\0\0\0\0\0\0!1\"2AaqQB\0\0\0?\0V˧]b?nrcI7d!孴:Ze[U%\\8$[vGmL?ots70w5bTfrT`\rfvwG[=Mcw4]f2zyoRU!乌IVڜs+t<Na\rT,nJ}I(pK>z~>\0TvQ=j;.F^7eҤEԑ*ZSnYq#J\nJÅ^$u7bdP(\n-5(oq`_Q\\Ldy<*}V#|r;\'l݄36_\n-46<ߌbV\r|Ur1*{!G./\0/<٥u2WjHe*P9nI&YZo~̙\\zbGnJlFJNb!<R2@P(#;|o\nѷ<dTcKEe3Ukb>VJe[V%*Q3YK a6m͒E)\0eyNe7ʡKBf<?XP?p0JLUO>1Xy@Pj{ih!x<[fozIñ%&eI?I#uLmĹoqQ9mM?u=;</u_Vs2󻾐\nAX66}_d֤*6ËxKaltc$cg(\'!2BB<?:*?z!k+#SlTk$¹XQgJ:-D.߼ J2\rWӎ&~;<}V!(\nAN백n!q;lEHߒd!?vru ^V*uO7)7|fݱϨ\0{\':Tt\0+({sܪ\nA[W=mFp޵\rٌmϼ	HI\0q4v\'Uwawvmn[1:TV<Y	*TWƼX-4n)I\n)<-\\LfTRث7}t\0\0$\Zh+D>/Ε-(*,x22\"=mujP(Fs`k8b]ۏR/_b&}cU궍:̽1Ys->DVUZ[)iB]WVyY8#+=fi*@ږߐm)s̯5$$ayH|F;\"Rݞs-^Fdm23e)¥Y,&[Z1Z3)N_nROݬJI<O5#֬J2\0=&:VCAq~Y;鶁JW-&=_-y5f~KP!,\0-qDfO3/SVG<FsVEc4y	w\\Q<8<ޱ\\k\\C)ܶ<\0=c_1i4\0Cœ\\rqÍg9<6-C_y04ly`kJɠZ.p~5O;c贗aMLorDHEJ[j U #dmtP(߿N>]&4-7ؾwfN;\Z}Ŵ7<`ʯ+/O8nlY\Z9kqwKBRO>eH\0㇨ji)J?bflsLa=2k[iHok\r[X1Ԍ\rIǥpִة7P/\\FglzuWk]2˹͌I2\'%pT3-n4%IR[!!Жm!-`8\0\0@P(\n@P','11.jpg','image/jpeg',NULL,'',6),(13,'\0JFIF\0\0\0d\0d\0\0\0Ducky\0\0\0\0\0P\0\0\0Adobe\0d\0\0\0\0\0		\n\n				\r	\r\0*\0\0\0\0\0\0\0\0\0\0\0\0\0\0\0	\n\0\0\0\0\0\0\0\0\0\0\0\0\0\0\0!1AQaq\"2#	BRbr3ᢲCS4s$%\0\0\0\0\0!1AQa\"q23\0\0\0?\0@P(\n@P(\n@P(\n@P(\n@P(\n@PqLiB@MRv%:J4F]$P(\n@P(\n@P(\nAjn	ڨMSY- q(>p F\nS\ZdEk\'}~\\8ZD\\㮂IDfc.O[\"Ta\nGt\'Xtkw[V	-y}<I3y	V\\F]enZ]q@_*g$GL;-bVJXmطXy@ӯZ\0es?q7`n@fȌ\nWRO5NᶜY1qⱳIJȗJy$m06*=[/Kz6]ڮvǼN<\0֊,nIQ5m\\u)(\n@P(\n@P(\n/v㊘7\'?<)LaA؟3V#mos;.~C)-əvdחjRϐ\Z\04@\0,Mf%q¢MBD>SxTV:⒅`ΩFħPëJH7EE)Un<srrx:אfa5h-:IJ:t=ڷ\\Ť.V%a<r(1RRXO#f:\n)U߁5N~>wq^fYnqT<}TH>7\rzW{b~^9weDs)[c{Yp,HWMo/ǿoo\0-T(\n@P(\n@P(\0=vӌl[cBrT](OuQEEiS]C?^(MM~TtHl= 8ItH_[q	Qk]u|ٸByWfUVk\rmq8~TvQE@:וyuKqym\"11ߑn\0q;w/\\Q~g\'}YJP\'rpHW~ᤏ[ZǬi}HK(IA%\rN׿^?&ɓ\0V2!WzmIκ\\\\7|}\0q}`6R,hNd]_@P|\'uՎ}?OoۥUP(\n@P(\n@Ne|zw$x06-<cM$R:Qnn\Z\\_|\\\0=//$)L]یƥ(H&Qkva7)Ⱥێ\0HmV&mXw)NR㪺n	5*#v\rǗXZaU\rJ)[b>\'|6eƑ]g,{Г[E|\0e{clb XpA)_?zs\\5ם:߻q7_qæ#97AȭA\n7cj/|@QSdx)6Zˆ6eOr3yD\\GXq)&)PַϾz<cx<Ǐ񼽔i<~ؠS8euU@P(\n@P(\n6g|W79U/+\'x%)蔎Z͒T\0y\"zĺT %[l5;mۦ0s~\"$+n-\'TVa4&)vAU侱OmoF㜌/TlB`M{&K;K!@9RAaլ!!IZ..Ǿ[tvqgIkjF*)\'IGl4<j$=3JZR]-^_eq}DmRIm_>Fܜ/SM2lW鶵]WIH\'hʾύᬯݫ\'SPݡ_Cڣ.NrmitNKVBYW$\r[}C%bI=A*mw1s\Z/ r!lBOC K-]f96;ޏk7Q@P(\n@P(\n<\0ܖCs;\r8:m&fBI+1Pπ5[py_kG\rp4Rk)\rtڵ^!W0K[*QaȒJR>]IE 힪kfdcx\"^Ө6 ߦMlTnp#\\}\"iҒJsAӮ{Q1Ɲ8!҄#]ͮun*6]*sڻle7%&Hqޥw7z\0v&v8X7fx.GC]XtK6{mw[=>}q#Al 6?j+ƿcZ\0}g&}՛(H>_Wxc~G%ڭ,kGtҢ	*cݶk\ZU/bI?M!%ԂES}GE\0jH=S&5bBCCS2SpRR	\nG\r:j3ʎĦU-֕敀#UoP@P(\n@P|IBT%\0G\rM3o8Gp88C=9HqN8I4/G\Z\n*oJ>s|je̴Ԥ\\Sɽ_.츴R؟9+uqxvN_><8zӗOv\\i\nR.uֺ\'a0(RH \rQooQT[\'Fm-\'#\"KKlYם/L>/9;tSsqhQGԸP_j5Ǉtn׺9/[:{)|Cw-s2!	jm,I6)˅IPb~Ǔ\\}gO86㸿ګܧnZ]ȹ\0r+*9<T=qԬ(^Ƽw\0n|xy>|gَ%HqEڂ*B+úXx7ύZ+k77>YT\Z 0QY\\KPҫ*NpVֺ~W=ؒFCso-*\0][=x_qGrԥt15ѿ_\0?QUjP(\n@P(\n\r.9.eyqܟ \\ku̚uPHo\r41&^m9&s)&jbJqPh|J\n\\j幩o)YxXm?LGJT!77u\rtۼy#}g¤Cq6e}5[-\0Jȳ *\0y75׍/~\\*j-/*+ؼ{-|j?\0x-$wvi-fq2\nѥ>ë[z˔c6[mZxu>w}1 s\\~V̆^Oڒ^W|s)v(u֟+x9vnY6졗zJ$HRj9w.S\\u-\\CTNT]eyY%2h˄F\n\0P]Fq{T\"4KqEܮl^5*}uUn2%JDdI)gmAʳ|GOllekHcEZ\0%iyX7J*sH7ڌ\0+ܸY=څ@P(\n5yvq\\\03jkS#U(55ywrU6zUB਒Fr4HR+M5ϽZ *jJ$R-@#>j3Yڇ3a)$s}zxΏ;_UVg`zE\"3?q7-\nW\\[rmҽ\r8uXs8Yw&Ɨ\n`(2(Hr@өq]$j-k֜&mя/ĺ\0[QĨ3>YvSrc/s<	b\\eiiNEb7>QI@:W{|uZMo!6HH6~k%z1i.ޮʶ(R;	Ҧʋ\n?wOM^\"\\+QgRÊvZ\n<;5X픥)PS,Y{==ڧ˳+!N>نR#JoJ[-\\vPb:t\rQ6//jaU\r4Wen4Bc.h\n kZw}zۗ\ZSo\Z|Q\"NRD8!}B \ZVm,O?g_plvK%!θocx\'#d%%^Ņ=b;첪7(\n@P(\n\r,q:|m9S#j׽iGP\rP3P	er̉N8q%JZ$:qnXrbZLW8n9f3\0Eap4ʽ=7\'m|n+\"(iXpk:x9⹌ s$\'ؕdB:\Zo~.|df3I0!qBW7*TEq\nKkӿǷ^USYQ&;yMNpnJƹy˯\\tYT[Cp-\'t[䂰GNuGoWmIIe8W*&ة<	ub,@<*U]srR,u\04ǭ.ף[JR.̂V@&.qz5Ɨ_P7R@^50|jYaUn嵜c}Mq|U˦l*ANH6?]Oymod(\n@P(\n+_w\"P]ssx`Di?>=\0\ZEma1X~ʺumRE*OV/&_ngce\Z6%ێW+PSHo}-]^p1qVSC#YXzJlmoןyzsLzV&bKgŗ\rΌ_1z1![x_?[3r5\Z?`@)i6ˌ6FԻZ9#nղ6\Z[*Om}l|\\U*NpPZ4B\n*bT0jֺ.I|KJYJ%	?*Tzq#ID2vݵr[ٮӻOecc]3s$%KhTpq|o.Kb7]Zc\0ix^YXNCSPJͭqLfX+l7̤!ұoΩf+[*P@P(\n@ϻN\nކ+U\0h?t3ޱpIMtj®N,j0.FG@\'nGqL|q$ϪT=:yuvc+\0vxXt=/:ۥS5q\'i˂zhox;Ln=w\\\'ܒT7/2XJJ%4JڝjΟIz-9:jhIS|<rm3]:PaYmҴW*HW6=)ZcY(;|*ўΆg7-\"?¯Y\\a)+RҦ^fOk(tɌ!:AFl\nzЍGYBaK l#Vs1Ql}<*Qb.]rq*m@1Le9ѧǹ\\[D̰Ms\ZH(\n@P(4~TzkS9^QңJ[Xm)m9d\0FuaN8orooCsvb?+^tɮYDuvV7+N\rsk7/o*(\0:7_C+&\r*\ZJ\0JGw\"k֭A+mnka@\Z1}*i\\[¥3\r~k>mkҵ}v{MjmE!{O6HbXdߪ\\Z;Mcq.bq)$[E&X&\0ZHqHg3t0:t%)TbFMQ(i֖6V]ROVnхB	u*62g\'w\nG+F,&$}L.d	i:uZ}\rn@P(\nAȎ6C\rşbEf^a$\r2ݖGP\0[V?U*]t>3ڥ$nmk]XAQxjk]\\ۧU85*Um/[g,˗x@I%?!5ͿGg.TJ{Myev8VIܕ@p!`<\rk1#.;j%+SVve)>aJuV.m\nF?JIH\nmjOZKGG#\'ټ\r\rg=j[zD{	TKXX4JMi蝧㔆3Xq4{Z\0sJֶaoo3]/!9s8	yAK>Md^M;\0}_}hv\Zi86	KpqV確nZ$芾sIۏo\'x-T8Gu&\nsن>¸r~P`Q[ÇrmZ{/3[,@P(\n;S\\O:ejXY+~1y$hW\rВ/jK\0krM{II [_+MYr\'А\0~\n:[jߪgq7$%-t^%܌)RE+.\rp\\G)*O-#n* tNc7KǴ4BQhv \0AV`4Q125HQ\rh0Rl-g5Q^JP.ڛi#|eo]uʖYD-_k56/K*pbeuMqӮcSmX%;GpJ_E|*Cmt*8ir\\NEqq=	.\0QnJ)e26J%gY#/\0r_x.?\'LĈR\\lV1uNwtl6*P|پ:\07d[&W~\'wlj]\0S2k]2yn8X^g!(w\"\\O7I|tnS8LzԠP(\n@Ptrpӑ1ѝ(7<\n?eR`29\r \r\0qXɖ5cdOMOqRW!9$m\"T~Ҳx+-gRZgcWLU⾯\rϠ7!Wev>Ik`S\Ze\0}<ﾲRXtIWWƝuHIBR$L{_\nPCI\rƧa]&nT>G\Z=2$;ze.d+YBTZI^ߋi;HkַX]w9ȁ\n{B6G#i(u\nҫ}fy#<.r\"c[#dCk lL*t+|/9v_F,C=:9L)-P4Qu,)D\0IVjK\'^[\'I2Xc+cV_@J7$\045b\'f{c-ǺXUoe/l6nq\0]@P(\n-F@*Q\n)L\\!	:L|ZVSTtrRΙc/[oƽʹ	@\0),jfIhS$\Z˅?IXǬ\ZQj|$&a>ʒY֬bu*LϢ:&^AeluDhmuSmgrJʭ?I6F꒐MD눈(nEk\"i\rd8߬\rW?iYI7qI:ΨHSobԡe)dpiQ55mcoIQU5j\\;!ų).zwEξ\ZWf˵1?TTM%AZ]NKQJ!;߫*;K%:%aW/}G:>\"iRR/zWƜkzY`O c1$d3K[S<Jm(\08g774\0\\WgC\nff#PR֤ .\rEjky;ݼ4(JP!\0%H\0h\0@P(\n@PPD)KxZvle7pTer\'9vi0:Y^)76f9̆T*mk_(eJRRԒl\0jiU}暝{飹;\"= /uiPPP H:&{#3$Od0q Y$$\"eoe=\'N+=}\"qCΩ\Z[xTbtH8m\Zګޡo]n̚µ!R4xuϒd#	<}6R6=z9<4¢NjRbDxئ\0\\)e#A*d<v,iQ%׊+2;9P_21v댺ی*r2ⷤ(-^=>͝}v\\;2<KVn&g2(+?Ԁvg3[nvU\\P(\n@P(.g\0+mo5GZG4E9wQ4YxyV}ǗҥR>\0ھ&H\"_CWFĉ%JH-dn[nlOPt\Z[@K\'/\\I[0-#s>t<jf+$TaDus[	\Z̐w(_4H\nxș@\Z\0eiYo[0iuhoXl׎)K=X&,d7\ne\r ^sb=;Dj6\n޸\ZUp<_(H)?]<z9.W^)mn4ETtUWL8Lqv^(f2}$y`\\N҅=uR?AmYowb,S<	s65p\0_R@P(\n@P(,$xu84<?\r\0T^ȯ&z RcښN]ו6<5ѭe\\m 6N|ʦV%ED_iB\rTj-oʩk]u[:\\ yV;!2])YֹT1qR*<-uuI3OGW4e\0KvBV7[N=zT5mFGp/jr22q	aۭ;]Uv5Q	V.Y_~}MQ2d&5;vWv֪׮λ۬=p\'`f;o\Ze1L(\n@P(\n~&cbmEh۫UvQRnQt>mTCФ^\n\\)!DaSj\\*\0t6vYm^Po3N\ZoY[iJ}L[^c`\0StW_6,,,?\Zi|\0p\r4ת7ۣ#x-`+Sqvw8_)#J2RH	ssOU9v֯ǮvL{ݎ -K+EKw<\Zg^\0\0[~(\n@P(\n7}}{p1c\03y./ODIKu(ƫ v	Uw|3Nf&7dq\rh!Ln޵;Yy,)\0ܭ}u˷w@ xd%Ր%H;T*d.\0aku*bXRJu\\>#YlX7ʎT+GerS>\'neUz1BM<WMPHhA\'JRTLoqLH!iY*ہ\nmҬoy$ dn5w5u|m1}G~89uˏƱyhٌ-*HgvE5\"@P(\n@P(5\0xM\0F;P%L [\nPޖξ#βۺӶZHbcǘOar!;wܿ\'t3ʋ2$96uD9)>\"q]%O\0RlRoNȳ)C%vMOFOpvrzXگ.Q]#MMIRD&SIpeiԌ?	\\T!PL[צ,8!E$\nX@\0j|*e¶;)IPxX\0Q\Z@;:\n׹!4ISc\rm>]>FuNNiOڮ^kU\ZN]8Vܗq\'B;Qb.^n[N95d/q]˻S	t=ĭv\0uu:j@P(\n@P(\Zѹrr[ӡIÉ(&,X+	w,Ʊ&qk8R6;.p\0Jֺ&e+\0Oɥ柊cmKI	B\Z\nwEPI-C]JWt=Uee\\ψ7Mpw\Z2R/53f!_қ4#IVzY\0\0+eɌqS.xi\'*)©@aH2yDJ\\l8. .[pueG-\"Clv-]%JJJR\ryV.䙇ZD1\0)\0RF:۪p^9Ĵc>JvJgị#̤(\\H6\\\0k^=/KknG|n_yWEYIU<s\\ʫD\n@P(\nA\Z#7>QD\\}mb\0:\0v_bk>8Y	P$H»rޫɺŹ(L{l	Jiee,E%.ߢ򍎶ƚIs	llb*/۪QJ\n+	$$+w3\rƜJĈ*/(x\'Fۦi/#nb2t)_/#b(ʲߒ5ӎpTZguVu\Z+_T1<H7)]>\\rI	\Z>~Ui	^E_	K?$6lt)7 ^rKݝ⾊NEa\nIH$%tI-*ȏuW:%H1r1J2	N%6&|@\'5}$mvӖf7\Z:Ϥ<Q:y/HϺ.u#VI$6,\'n\'\\|n]|s\r}IQ|AF\'n^gҹ%bܗI+SJ	F|||v~LέS@P(\n@P|imqgj ߺB$&)ebLu\0yk\0\Z\Z6;,<`֮a%JuhdnUv[~l>@	Fkej=!N-h׺4kRÁiIJR4	`=k;\\`!աNT\0ŵڸʖֆ+,ޥ	P:[rI!V@sO}ƹoRIRRJ#b.uS[o6M!;|m{u9tkqQn^2Ie)Jv \r7.5ǲ?I`JP|+\\m\\ّہA ejDkxiTJrHOnđx\rnSOROŸ\\\ngk~V@X]\n@P(\nl},B,H^uuSK~i3dxTV³Ȕfԑapֺخ1\";Vհj@\'*ڳ޻3WāƶdN$,nV..U[AW[Uju4Rq:{uNoН\rB\n]LN4:XWO*+r$2Be!	JJ6\nGؚύq~n%Jj*pXT<^ìu&g\r\0+ScԳ	YMǳoQd[\n#5;)hXT?qVz\rMy˗]~.[®%@P(\n@w/H\\W96n9;TeHIU95uxF*TNM[3`vF:Jّe=\nM[\ZՐ-PuG-	\ZmH]Wa[4v|O@UФX_<!3.IT5R/Zg;-`AuD:n\Z}\\\nJ@6$]Mٍ%@YNm>#p>UeQdַK})BHBM.no\Zǖv)\0\'@,wk1~5#cU*#r<I]\"Lon8ϓ-H>r]]ys˚iۧ`P(\n@P(\n?p\0}v}f\\)VH|6\0^R\"MR?Y\0=D][#=Ӿ7\rvPP 8`\Z\rtc_PWaZ]I\ZxU<(\0U+m{(k]ED=5uҺcq$ʪN{X*0PGQJ@;BSeH0u-.O[G\0!>e^IqŵM\rחV₣oS&Fʝm=n@ұ䭴цY %C ԶKB\0G7LOh\ZbP(\n@P(\n;s){5Z2G25݋\'4a>	I3&U<>=?J$\\M*=KY-(6$@mV5 {kNO,2}Pl\0䕋µTخl*/v[^EEE߉~BH\n=\rUk&{E@\"t:\"~}ě\nwDKKue$if\\Xxؚ+8QwZˊnܿ+g#kU&EOoK\0t)>UW\"lXjTs67731o/5&4ͩTTE릞5-o&^{/åp.-Gc[V]A2߻ϠqdoUEwЭ\n@P(\nAR&LqN!Ǳ\\@eϧ9oƴfV\\eVDL.E)>-\'iE/eShǲB\nlor}|ʤA-?JLii@Xl:~\0V=&IXHmM\'E5̌,C.m!{B`*Jn,PP=|Zĉ;-\"A&V2b\nd6GRȉй`@NASʙ()($<\n}\"*{45>T&GHlEfqˀickmo㚩xDm6cl?%v>5_Vkz3;>nG~]mᗌ>4ƈ6$pZ/Zu`8!8E/1<q\rk\r#ȆP`H\n@P(\n@=<W$I61\'2SJǊJ_Mk>M<揺]#=@qE\r:\\B!I(_J銄yC-6~Uisnvs\"r\\J\ZqEI\\VWƚM-)u%B\Zb0\'pAd/R:l$vPc\n#/Q\rifUMenWF=.6d 7Q)q~6HM=wg?Ճ~_R{U\'ےIqcmP 8OZH(\n@P(\n@P(-r{U{_v6vިo,lŧom/ړ#JY]wj\'߷pxÓr}(PYy\0ȷJcxƷ9q\\؜#+³p-pue\Z*k\"Kz)B=54IJq^¡&ThK\03a\Z6%-b\0VťR=d=\ZB=2BSzUjդrVw6FZ֯6X#MҢ^]*<j<p/%5ł>VMڦ,Wc(L>\0yWo[q(ܗ8gC?T/3i`z.Og^߷⽭.q=G|KQSY+ZUV	M*B@P(\n@P(\n@Np>@uq\\\Z/7#z$Tbk6>~ݏ.?/[HXZnY8dv&OJj#ڦ¦n费?){O$?S㷲?mOiĐ~sU1?P_\\JJ~|pRex ?Owowp1=d㱒]v\\d\n{?n~޿oݺzK1܌2VKi(doqݜbaѣ-!HR\0\0\0Y@P(\n@P(\n@P(\n@P(\n@P(\n@P(\n@P(\n@P(\n@P(\n@','rodilleras.jpg','image/jpeg',0,'\0',7),(14,'\0JFIF\0\0\0d\0d\0\0\0Ducky\0\0\0\0\0P\0\0\0Adobe\0d\0\0\0\0\0		\n\n				\r	\r\0\0Q\0Q\0\0\0\0\0\0\0\0\0\0\0\0\0\0	\n\0\0\0\0\0\0\0\0\0\0\0\0\0	\0\0\0\0\0\0!1AQ	aq\"#B2Rb3c\0\0\0\0\0\0\0\0\0!1AQa\"2\0\0\0?\0@(_>nُK})nT\"EpJAqI\0xq:rBsϪL\'?cShB8\\S4+~s_^sGG_|c%by^f-&e63VIJ*+Jé<5tTީ8fA@(\0\\޴lm&[z3w4[bHRiũ)Z+us)!\"7-%yen8RZ|T.+1N&Dql5Bv-\0/M5l>#ƾSLceϤc\\ sQ}V8u:dziI.ft׼w6M5ۖGW1\n*~LVZiO:]\r_PTxT卪ƠPUjX5ǌ>|x\n|;ܽ.0iMbu1ɇFJp6%$HJ|\\mWS0I.l㱭?[ߊnL@*AIС`ư׳TkOn[VwO̽ܮ2\n9]H^\\W\rvY\0&=mUx?B$\rd%;Ql쫷B],7Cs)p0ӟoK\rC*o\\$\Z\\cs{p`(\09miB1p5OM\"RH4\"Nf3r] J[.u** 9^ZxkRFl{v\\!ln!5?ОO\'nKutNR\"=RRKo$IH\'O(wʴ?B\nm-AD`d8\\q](mHUYT|}1y2ŭaYlS=c^\0Mj0yCq@(\0 ׸չ˷n%bSt\n_7OΚ5xt\rBФuAnNM%6cL)У(Z\n|	Zn~΍q(RvN}HE9OktFբl\r6Mbp1pZ0KsjCϥa R*\ZUvꍕ_*;y.;gԋ$˄$8x\':!!$\'+XERG&i P\n@(\n7f-L?R)u,s=WH]\\99b	LmRk:I<c>NvG܆tXkjB>B\\n}	knq,pٲ80q9בofc\rM>1\r:#%@:ku*!mm%HJH\0\0r@(\0<{ϓlkìB\0JV)r:tS\Zjj!yWVZU:[ZĐ|zUb\nf\\tNj	<k\'vmKָ4S]J4NS^{qX|ol|b!I\0̓<c\n҉.>P\n@re7#|L&R	Uu7bwt5T\nBH!i]|ɬ_T~s=@VzX8\nU3{\"f?jZ\ngEztw>:ԜUR[՞ݺG[-K=aŻ!	C* q\ZkUq*W P\n@(ϯœUVlqn?\nVA)i(nĦcDee(WŔ#zSHH?> )3]t;l\0-k&(nMۻgX/\"Sl%4l\nQCM6+C\0$kѲӍR:BMg[\0rrK?!Mm%NWJ[RWo>$X@(\0-5i,}3ބE2*V	\0*\nIIFMpVPR䬼ڶ9JSLd0JJ=ד?\rqڗzun#1P9:ԑdޗmXr2|.KnA&;=@)@\ntHJP\n@(\0P\n@(\0?','rodilleras.jpg','image/jpeg',NULL,'',7),(15,'\0JFIF\0\0\0d\0d\0\0\0Ducky\0\0\0\0\0P\0\0\0Adobe\0d\0\0\0\0\0		\n\n				\r	\r\0*\0\0\0\0\0\0\0\0\0\0\0\0\0\0\0\0	\n\0\0\0\0\0\0\0\0\0\0\0\0\0\0\0!1AQ\"aq2#	BR3b$rC%cs4\0\0\0\0\0!1AQaq\"2BRbr#3C4\0\0\0?\0\0P\n@(\0P\n@(\0P\n@(\0P\n@(\0P\n@(\0P\n@(\0P\n@(\0P\n@(\0P\n@(Af ($5?ݏ\rf7s3E/3\',pBm\0EPȚ1T_vKҟ5ǔ|#CX|$\r~><V6m~Ϯ͹o#objap[cV+)6zHcX]\"/W_A$,^Ms\0wLw/lGr?S#cN0*վ\0\\}G:\0Og^|iZ<Fnq|WSCߵ3/p8LNW\0bL(JoJJJMZP\n@(\0P\n@(\0P\n@(@(\rvW-?\0)wW(π\\&hH<B;\\jξfT=}*d.3eڶ*]	U)U^K=7JNqnm~Ɵ#h/ι]5oMj.ih\ZqZ*:x\0+pO:Fs;\\\0&@\ZY\\5wq|\"6HB.^:B3ZeAi\Z#u$ŔN \0QR)99C32p2]r|y7Rmo2+k؞m?zF{ǷbdX7ֺ8ѭ%82U߾_s!:uGSVܷv7#XZZLrԄbP\n@(\0P\n@(\0?0]19~̌Ė+k.KʥΩF.GCO)yvw?&w\')ݹXs\'c\'7gpF\Z3/ܭe%{N=\ZoVbƍ-̂\0Z^c쪔:FbVRNۨPY?6v%ckYM%3Û2:z{`zn+nk99{CN&>&ƏcˑAY;)KZRvufҍT<޼X1O7Hc)^&P,7>oT<WL~%oY{~koc[\0w\Z_ʷIv:5_7+gt׾8Ȁ`\"6)\\zjڒnG1%n>_uD\\O}|gqc#{zg#E%6[~GQp|Z͖<]Wsʅ$e:Oma/oNZ	)r\rLҽmѻ8Ǜ|Tq@(\0P\n@(\0P8ύ[/+6dqٲ2H;W\0\nc*:g\ZYQcyC[#;:OE\0X\r\0yk\\ܞqqf*1D_u-}|<ҠhR0[oʽ>V2pkv,\Zuǐ7542n\0QsBoZՎքK݂$iᧉIQ4du0NDgc.\0,T)\Zȋ+>1 s!N\0vtt%;$fY!ݛԄI}6ѯmđمW,./uvX\0\0wT,A\',n^W<k\Zq_|J/%cGι?xt6Z#v3UF|_[>凐W?͇R_Se15s.V&9׷G*8|<N-3VC#yt#^SInN2ThVƂP\n@(\0P\n@(	.Gpr>G!10pbyd6TDbMbRQU{\\$~o_+^pA.<h?!տ\nNl{׀C{.Tqugfx|XlD(e$@>ܨ6q=lH4@?R\ZloIjFB{Wm|~oBV2~U:|nkxJ:îbI\nrLRNLr2toU渗 Q/ewev\02b,EА~ER-I<~ٕV܀	mҫ\Z&|5epq#wd~Wax<7|C7t=*Kȭaܗ\\>) `r8\'\'0-c4kVj*BjqɎt7>Ck`9|Mu^oDܞo3o#U(\0P\n@(\0P|ȹnx3Mc?x9=7dٯ/8s=qO\0ʶHcE[\\cݹYݗqaQy-Lk7򌠀q0JH\"ީ3ku:Zֈ/ɲyCl%w6%\0.Ҷ\04Bſ\08gܮi<NUJXbUI:p<@.v*qFaq$[Fu]\"YMu-W5-\Z+7_H\nH$\\zUt!/}KԒ#_Z=\")ejN\\go[X{a:\0iReD˝+;!7>ZJR~A,ӹNq7\Ze$eM63CHm)5B2T) !+<2 u7O[ܵ7 A_ǹ2 tv&8r.&lamrf\0⤰V̏jٿ𗧉wC2MDAIˮ\r4I)*|݁\n{0y)`	\0UF^#[UhϞly\0k|\r,P\n@(\0P\n@jg+fH,!v\0C}IH:W9Sb,B\rOeÛ|?#|a㸼\'9+gr|BoZX]Sz{Ew+2]6ӧ%>\n^i\0WABpĚ(gsS*W2g|avTz)?q˻oύ7b÷+穚;K/1{N;͓gAaUzYI̷vŋ1mƯbwsMۜpɕ\0I=\"ߘץ_p[.~g6i=~ڬo0+ <+/pvpU]\Z\\F	`\'dymt-eXˊGq2{fF:_0+;\0E؂<<r_yhfcuJE>n輺%ρӐrщAK$j̺\"Ye{߭rW24bYXB/kua{pԣH\\FZ6HL:6m7g\0V:LքJr\0:iU5l2]-O\ndG(a## !Xš\Z\Zպy$?9(prE4dYA3]X*E-ѣU%z?}Mo:7+~w ,CH6մQVMv\'6Ԝ[\']=\0f9=\0rMП\Z.\'QK&KZ>^x8e̹1󡺺8u\0P\n@(`/o|K/t𝫁&fJH\0BS@|wO1OÇf_\'w	8oޣrk=5=JzC\0#0q]ڽ Ǎgav$xkלvW%Y:cc۵*\"C?\',wdå@ބ2Xĝ+gB?ݤ]?oE4-䍲G>V\Z_i8JC{Wwr$\0`MW]S\\f9-/\Z`Dօ<5&ArLGǷ99~[ZG&\0euq8}Mx>hOyWG9\'7۱][%PfAڿJ(-#%Dle5q8NJaP6\\PûcuX_0{ e//\"̬)hg]n\Z*֔c\"\\y4LRяm\0vВwVB&9Su66>`}\"ֺabb..ֲسFBs!!]_@\Z}AJ:M&x;r|wqDno3[C`V˪}rrݍն22n\n̪z72u\'q2_fmDfd`Zl\0l]nyWy]qx~gc<P\n@(\09AIy^_/\0n&SsR\0!eFl!0\ryՂ\n}Z|Kh[\r+;r0c@=,|yK6}ҊU#&/3YOYUD.6HF\Zt\'y5UQ\';L}$*fB::\ZN8ߟYY=oNahgqw\0)Ҭ[jzuQ.Zצ7,\\7rR)5V7\0N뮞U򎻮h6\\$R.<hE+Icr~u:u>5͑߷Zjdn۰<6D\0ZZTh˼FPQYI:[FNK8d#\0nqő;jjTӟo|<s=K2VDe7}+ݺ~Y??kI#ǟ78Y\"ϋX<Bkp:?Xmݏܰ⹜Nsc3n&ǛOt6T{\\;ָ4#FqqM4R<ʥU*F1\0GCXI^I+#\\h$z	VPsc?5\ZܝOVk=Jr3j]5I-DpeϏ2J[ݗiM\0VM\ZBdi=f)鹽6MLw*jwf-=woo3Lai!*BPΤ}ۚUĆE	l^+[_{7Q #}Q+ۚTR\'	n#P\n@(M4~;[yݟ?6>d¦F#	Y}sK##KךWGXNͮ[l8_$s8Hݍޥ++H\"¹Үh\\LX`ǁDh4\n۠}INAw)-rlmjch^*,і\r#ʵ/Un_2$nFw]F\"?}onS-B.FsVlĳ.HPFGkϦacv~[Ic^ǖ\0->q/qH&H:Wp7}*N$ٮ\'G>JqZMo+$nFb7xuU|NbG@4k.|PҜ@T+I*)%~Pg9tb̭u9ǕN_s`Է\'C,ȃ;ׄ}?#Үb1ou^I6\'zE)O]nMIGpXp^?q|7=񸜧~.t~6\\:DDEl-\\nMMQOC)/Oܠ\\m*vE[ImJ)bNH\0/JP.oMH@M.-6@5mCT=>ٳ`\'s{4yd۷A}<:\0CAju#<7uk1vd^_V7#)d$`M=(oOBnգ_v0(\0P\nI\0v߸?,\09coV$$hWqk?S}	\0n滃#yw-<lN/$n|:\ZR1|y|OZ[Hw[&d	jG+r2;,Lda.NM:Թ S8]k_ƙ=#(M[[ʫ[ߪ3/	޸=ь<GWlS\0ۡgIUǁ;\'94\'~N6dAڇFQf^NX?.VnG$OnC9YYU慏Li6^vz5\'|eϨ\\s~U$_h<>$7 ЩrTg%Yph/Wc|8@Xb|xR4o.O~=9.oo1NWka0!$mޞv[3[ޒྥfn\rܼ/sq|\\yxrh	Wh%?MkĜd2T>L\nlTkvt[w[ɸo3F՞`*A*[r)r\"lu&~[7VP2ERSso*٪	ϘɈY$ɑ*\0ں}z#*mkӞP\n@(\0,?{nnJLm}?;P^VLid]|o|s}rG*S]bK! Fzʼ\'7gըڊ(ę24I[trZ1Tބ?x[,skR	Z/ϰΣ_\rkAB<)R}.\"uʸ%Q5[X\Z}kTKMd}Sz}jPc]Fs2Ә\"S~e=*]:t~%N3pJs$/\"bM`c\0t,Id[vɶ+_\0Mu\0s!):C.ʡMW\"Iŵ%(/mYWpA\'J̖TV8}-bzoot*ڻ iQkPiPV]l_>?n3#r16u9P.	[k1t;~[.c9\\WνݝO3\"y,d8\0{\rzYنT\ZyE)Gj\0IN?3·0#)MU]#;zqfn2[BΆ]8uLn=MJ(pMgȅ]aiQx4VjWSfffE맅Se`\revg&I	 ۄx{f|kn߸=\09^Gh	\0P\nO0;>>7\rq-s{X\0\\?1Ǥ7o\\է8gHw~Onv\'պ޸^(35\Z#B*j\"I<i&ွޟMmj !\0\rɽha.$ʐUm^`5*saﲒt?inBż7&K)!:<-Ch6O#1X0gv%ou?[]K6F^]IQyUg^(.$8=dOp0*W+j@VdraیqI1]}Z^նt>u5}<Md\0cufIF.Żm7iCJ-d{\'V\'ϩ\ZuB;U1?5<f,tt>*,_`֨!jsMEĹ;.gÉl \\u`W-n\\\'\'e4/J\r:Ws(%_\';M*M?{|9`3cJ9.RLY)Q|>^o.O<݇^r6׊^_n2eqdrKd[myIz9ZȍSד||uemT{yjC*^uObI䢃ʶT3/}\'=x\0idC)Hhd#_}U(htwb!łlh|tXB\"*\0\0X^*F@(\0\"ne-Mw|ǂڸ]VkǴ\',WE*:4d+~kx²A\'R\'krIk҄rgChw{ ކVǲZ嘋kxo\rҰ-auRBϏ񡝉ucm-@̅}+Qcf%m,XnXT$=S4D$tG֩Uc3a8OݑPJ\0\0oZ).:\0}ϙy%<oeV:X:Re߶i{Fvڌf].EPcR2LmkX<?ݏsM&X\r_&͚0N3-ݏ	k1^IsLhiCig]ׄiB*hp*wԟk?j/#<rx$ {YZS=jZ==ݽwȹpʋHrOME^;[ls3pmުA71ɑ$sL>J/KNֽ5y03;xSo>=\0jpb!(!cȉNv_Vv.x=]eZ{G;w><\\e@aYZ\\䢸7G7݋m\'f\"bq|,\Ze\"#ugĚ+qQ[#7/:P\n@(\0k,sK\0?q~dOgIx5M>{E1R=v驷kFDJKblK\0|:\ZIq<loؑ\0D.>mmmCj0ǻa,Y7Vnocq{\r] 4},/<VI\"\\8L[`W~`kNjQB*%t`Ik4wb_Ǟq9nBPۈ=\riX:4bi%6ȞcLH\0a5C\0[xTI}:Nڽs\n5!kyUiķ4.^#$\"~j49xk3Qx=>FLϓ! 4-:V\'\'xxony}ߙ|]ۉE3S]wZ`_W :?v=:\r,#rNӭSDm輵^n\\ti!_@%#hjͼIhw158öLdib+zV&ufJKcW=ݜfPka:ѡ,5zluz]*X|+?FDW,\\sfd=ϥ7#Ċ{w6յ~GX8P\n@(\0\\Z6sxq@Oٺ)3%G/Aˮ7 Ik) ($#uB6S\Z`bpЍ/ֲ܉yq\0K-X6[(XyVz\06OFzPkuАE.GVq{6ݲAJXOǥdWT3l6..\05StK!O{l6%Ve^˂.ѝd <)\rA#Pڄ[L\\Vw=`\Z4vŷMkꖠxzͦ cR|%ks҉#w\0uC4kt`nu6,YPfƯymǬ7,\\{{*o{[Jq5jm$ni0S:C%5ՇmNh\"WS1g>;:A\0TKtGdY;=U\0FEO|\\wqvc^yT֛TU|,h9+&f\\(AʩWĸm)pZ66JQٽ/`d|{{nyZۆFT(\rʛE\rL;jr|^ePP\n@(\0S\'%MèbfKG8<ch\Zh+%FzЯߦgbHHo*ɮ5\0@6\0xtҰdOpb	4#+reW\0AI?f<[Xrֵ+2ʬJz2\\̨WK~ePķ&\0G끧Z,ESOs	tB*(*[TNL^o4IOsҟM/#k/ZNQ[E$ZqfvNZbg+c(5_Pj;	ܟ^5kɛ͞]Nfd&/jk}N\\2ɑ7\'>o -&<Sd2GhBzW_%.	/R<6og|,\0IQåR[ZE33664Pm}OZU<w68(&_3ś\Z!Dcm1>Ucӝrqm7ufӓn\'_/\n.W`vvƒ,h$Y+Nϵ\'m:>kt[-,hDQX\04\0\nzP\n@(\09O0\'ߍ@\'8׹\0,?ɣ/?ߎ4W7J&zxB\0ѩݷN\'l҆q}^fd0E!v\0B+?w!%4魁u\'г0b5UZq ..N׭hmB1k\nF$\0}ՆH,3+4ޔcjX7>>^d111vtFlo7\\M=f>Z\"q((ض\0Ҩ\\^΅D]Ou08D2K\0ѵ::j$2Uhr{N#):|	=ےTWdcXW:\"E-LLxy1#\"/b;n{J_njW+\n:drƆ-\n4\02teGkI7j:-ToFH\0?s\\yweW\\	M(g?<򌖺mT;(P\n@(\0\0R3^Q|NA\0:gOp>#5ǃz/G!;Ae\ZFUU.rْ]AFJG̇\\uCsjM؆P|.oCu*qDQw5MWB>CVT@9;|\ZE1rA_ƵtIH! coS~g:\"h[_49\\(<X\\/MOzzWJq1yemAAA֨s٧JNGȷi-x\"y<YΞGs@,Vn\\OjשZ(sF%.omSo:hC̻;.Bj4$C2#6=~߭g}S\'%FȗǄ{3&\r7ݒֿmٲ|a\'y\02XqJa$qW-ӗ;v?{(\0P\n@(߿.1?ɁExtfgG:d|:\\\ZCs?-c>9T}YJJtTpY[,AuFᦄZ\'%4{ԏx}DU?Bcxl\' v$<G\'&_-ݐk16:\nZOURMLi||aDy456_ɕ(Er+\\z..4K{\\&|Q\'99(	6p~O+~5U,Gr{i.K[}ED1,nRF([f>25,*v~\"{%h]Fz\0:\0eSgNވbm+F3ؑMåSgk|/=7qJ\"dx~Q[گ\\|׼]>\0i{lB~KXw}wLAmj=1G:͛R\n@(\0P\n@aܧ:\'&Gj2Ğo	uDknK>>QX:}y6+rn\Z?`nO\rIRB pFd$;NMھJ,yyxMcnNՉ[/rNmju:r˶qjFz;k+\00!sxkX+ފZ\\rd\'.Id\0GRB_¦SL:C_rgyNFdϓ\'c\n{Mj\\䥁,\rR:+ĸq5\Z;Σ,IF>+]Fɏ\Z5-Y\0b梌^۔{:$9cDF\\JAY.6,Uܯݥ^:bZix_lW7\rN&UñDA4n	\00 ?>\0pgE,.=^93\01f,kn.z1n5ʇocL|xA$H@\0kJ-n\n@(\0P\n@R959$P8nYh\0d6L0ۋqSb1HGj\nAkKj>[jMGP7z^bMHVC(T̖,R\njȻKFay\"vD\0kAlfFP5km;v5]|kjr#Ceȣۛ#\rK]\0[[ta8צ\\hdrYGRUsp\0]}(8[?N!Dq]֭$xV6MTWPEshSkT.6hPbE>QRUP;h3>%V(ے#0iXd?yyլX2zw9]NzIa6VD.dȑ\"PK5h)qAE6\r\rV-VXŶEƞ72T\"`PzQɳxNFc)߅q0xYeKq?CՌ7y}oǜv y<7Ip@\\I,F\ZuI-zd#*ƢP\n@(\0P\n#ۿ_+pE=HBi\Z%ǟU?a(jd\'.nLq#!F?[=-kjC2DV!\0E`u\Z[07*B`4ֵ$TjLMXMȳ>ozбS`Wp:}kFITSD)Ѯ4Iʨ*Ŏ%C;\'jZd;H28ۏѻqya!11$RN1$]IG1_K8s\\V?RVz<[TD$zZPNBlFKo0+fEJ7Q(_~a^Rh;eՕI9j(Y2\"~Y?&A%e&K\0y@|;/hӑ`_Mοo?Ok[}u5l%%1@(\0P\n@(k{k|\0G?++2$h-AVb>`q-_/w_ȝdp8=Yۍdi1pY,\r	)SIFڅkC+X\\\0m<+ң\0X#ZQd(}S5iX%Tdt!i2HáҰax0ސoXJ(r?Vu/7\'}FV\rRdRJmp@k%6Vbk[UMy8*tuN@%z.5pv(jc`$R.\n<NpZ^5=Me<K=y\"FX=?\n-Τv\'T$3$ut&\"f,*Sr+.(f!hץZ\\ET7c5}|y~NfY<:=܄ %6}߹{\nZS⡏qHxy\\u8P\n@(\0P.-9Md]v/[^嶞:ֳtMB=RK><L:v͹lwڳ8\0\nmR:58X]<ڗ~cfvt*~bIص}IV*N,ujJEJ9A.\r\\\"|H\0}7k~Xqh7R\"\r&ҰXM#r	\0,[Z:BXШ@\0m	2XvN\n0>oF*j\"(M1+HY8br_l&5~]U/qɚz-\0j9<&s#Q\n+RݍSI>5=HّO\ntԈ2rpym\"mhQG#2	7 !$b,TV$]N%?\'rcJq<^:\0b$Z\0]86_6r_n\rdϸ(e=O҆5dd˝}GC20𦢩={jY\0P\n@(\0)8K\0Fn,\05\n}:=t/#Ů/X=[Xм&~$a\\kr.Et#zwXjx|9L9Qɍ%[Eo쨮c5طcz=S6;\r0*эUVeRZE&QbdǭW60Q\'B~\",¬u\0}	cSK{V脟ZIBZ*,mg%{t-[$KnC96s*YY&޾PX\0Rdz?mRU]x4F/Ob	\\#-\'`;@eNڔ\"$rM?X@WF\'\0҉Au\\NS3itCm%nEݕI^ⶌz#YMVSIs\\o\0JþD6RcFH3M1iWʻ*[noOYrv1&\'\'ޜ̭hǆMUаƶg*EQ]ʅ--y[EiEfBƓ\0͌ldػ_ʶ&Z]sٳ*h\0Br7r<kۙy\"Oj\0goW8Ld~\'oP\n@(\0P\n@||8m?A<\";tUː\ryR&mj]VА#\nMEnh&Ov/o\"%XMk-ӷ+ą֤^A_j!selF\\K&־\'rz*YIQ\"͏{m$NIn\rh[#hdކ|Q>9+1bLl#{:!#5-/(́-2>ȱm{ݝk6>I]7,Q-\0+G.	~*y#5H;?\n4}E_o\0\'i~*qIHlcD,oojpFϻ\\}XrŕT]_K\0\ZnϹOA9#4׹ t>ر_$j2g[\03EV夈͟1#R|\0	S|pvVP,kc߹N_*0nᴁy	ꭓomllO\nĲTK=Sr\0SqLQ1~XHP( NOwz%y#\"WȑK+f>d$栜-TD4ekJK)Oۘ؟4r8y^̉9\"/Ӛg+)/z@(\0P\n@C@|x3~[hDW[iyzWU/BGHR?Jg;0j\nj9$!Yct7[m{V\ZHߥ\"ɇƛ=#td0\'hMY3lf+C*ۡ[p7Sm44f\rQ&Nd$HB[1P=MiaY~\nP*Yq2*kGЍ\0[ÿq7Xz?Y$ҕTqdf}>#£sMq[{Zi^?	RHso\"؅0pBR[Thlx?eЦ=öV>5CwwvfդcryLC²6֔uYN/fT;P2xvөOtr\0ӁdX&D~+=W[?Mq~㳕(\0P\n@(\0>|o/ܽ۟ɌCk\\<LQe[lo.\rkCS[u4%&u:yjn2MnE(PߩZzh<~P܉1Pd9C)T \0[_﬛TVĒm_Zě:@&Ҳ	?WIV\"&H]LO3ew;wOw4hbR1̊uS&o+}kgnRZx>\0QcnuNP\n@(\05gϕ,g˛Rl1vN?%sa}Ho-\rs;*Mpv|;ompRm#)kO>:U%lu>4#?vh\rP*`	\0Y%DdӧQ4.Mɔ\0ua*n<7TEs\rQ4A\'Նe\"\ZvFcہ$k*T,ǀ\\m	bT\'ˑ.\"R96HuffưK$~eF?w89\0ȷde)M#?Fqqvprw=yNj֜J\0P\n@(\0h0||I<r\"tuk	\Z5S)ꏜ\0߇ퟶ~_\"ɸ^,ix1fh	:K`.\\\\ԫOI/iRqy_huVSEp7MEn`\r\Z\"=^22_(lLqUͣ2iX$#FR<VLN?q*O(/N&ʂxOk-PpeYARuGC֯M9Hc0ff&CAL|F`d@bsZ}Z)l/[!{XFpKܙVk\r\ZvnpqtEUB\"X\04\0w zP\n@(\0P\n@s3S?xE7+c13X{vG?|*D:]&|\0A>:9XJ5\0tZZJ)Fy\\-qIy(WM?\ZC[1H=8\n+\'\n\\HE}}O<:m#&$sՊXu\"t59.fdS<)\0XַFTr]58m\\6;r~n:|01\"[hO:D|lQi`=rA _CQ:TnހwkXblnu\rGl\'c$4;Z29A\ZDuwƷ3^dR˷N\"Elٳ\r^,\0k\rk=U5wOhxIb\\d=6	@%F%?f6ߤQ\'HDvZz_6L\\Qᕓy<ؤ\\\0c;,O],|}s~~7~?G^L!s2\\s\'*[9\Z\0WZ1QTGqՙN4P\n@(\0P\n@(	l,NG+?\Z,dęC,RGe$h*p+W;n[.G<{ێ T/F n7kNq]$q&$K)Cv܌7\\);6$Yz	s-3oʫo`I\'F.$jKRN^<n=Ǖ]*\re\\[{ĕ^*K(F`i;#QԀV]\nŷ_uN3PF>\0;\0_\n;b?ih77ئ3 A5/R2򗭕8{G2v%$	&6m{zA\nV-+cS\06rD\0;Z$\076qlo-v4w/ r\n	jZ0$crJ6;p\046ks}w˫<ں{tͪW͝>Cz|AFrw\0|(9~<?6?v2>:WN$-?.:ɛ$q\"j8YU@\0\r\0OtP\n@(\0P\n@(\0+>ݛ?W\0PAV1FDPRܒe\r=&4ʑ{H$ŇG)\n\0˽j!\"zL/\0KKkkY}/{jl_{j6?tqv&R:31	AlM	k<c\0Nl{a](+uul?_.;f~P)e Uf,ܒM0uR|Lr[D|?][p-o<\0l+A-#Or\0TsRXkBƬvG>swꑸ]Ŀđ|څ\0rMY\ZVڬ(%)䥻2lh(\0P\n@(\0P\n@(\0P\n@(\0P\n@(\0P\n@(\0P\n@(\0P\n@(\0P\n@(\0P\n@(','rodillera.jpg','image/jpeg',0,'\0',8),(16,'\0JFIF\0\0\0d\0d\0\0\0Ducky\0\0\0\0\0P\0\0\0Adobe\0d\0\0\0\0\0		\n\n				\r	\r\0\0Q\0Q\0\0\0\0\0\0\0\0\0\0\0\0\0\0\0	\n\0\0\0\0\0\0\0\0\0\0\0\0\0\0\0\0\0\0\0\0!1A\"Qaq2BR#	C\0\0\0\0\0\0\0\01!AQaq\"2BRb\0\0\0?\0\0N~B*#sXA:LZiԵ%%V苣\'Hƽ\0/CiƐYs.E\Z8Cϋ)	<w#_ޟpٛ[mgurCF\"rI%q|MFV:Oj-ao`v54_W㺒R\n^:m}*3K3U/M5bP\n@()(J (\02MTml:31ٍS$RTWQH/7{]v	>ӱl䒸oK>e9iFT7RJ	\ZܢʇG\rBM-:	&7Y)כȃ/dm*l%q\r+XrQ|`㖘m\\^ʒGjll`Mٖג	AC]UXcմԻKjz\"\Z@(\0<׸.a-c3\'[;#g@WL%p\0Jt%NM@\Z,ma^IKXO	]n-7(/qγʖm)__RڥrFG؉mn\Zs.^98\'g-{i-jVx{dWcAGpَc78WD	~%fW$GT\r_vc.?SsMEy,	;k}bm]*h)<8\ZT%VWޟ;\'M,zy+)`aXX.#ظiNZRg<%bTgRi-+BRT9\rv	ftg5T,B\"dQ4:y%\rJ?\0*ЪUt5{voY#)i-ձ$\Zk%@yR>rn;s.lXҷoZl^rbd,%6(RG\"=cx!6j](Y\'.lD=#PrR܆܏cbmMQ]X{W݊̾arZG^u%cX̄6$ZZIJ;%S.qr%G\rDyNNҤpv0GH.Dۖ:fˋ]dWee_givt};f_+1Lxe%KvCM\0EFfWgbLjb쟶<)lO`[յ}sYfK\Zq1wu1C!j]75[HT<䜧ŷO1@(]edqҢeH%Tt$/pcK\'쾑lMYI(sozt9xxJ6Z\n@* %ozjr&[nEw+vXꙑqʬdGy\" K2N&m*ʹe#H3ˑr*<>qq*ISO¬IU3:\\Yz2\'^c4M{bMssPZzF\n_6KdJ.<il,%$߿~]a:wn\\TƨP\n@(\rC=vlbo#98q\\ԣZ;*\\\ZDl1]\\A&FeRGY[DHo麑o*ҋIkU$ڞieX-В}8V3ROAI=#OEh\"uq_,?]pi=\'c!	=fz1{]}ܚGlMGim,,	HR8\0\0ڞ^rP\n@(~ayOj~0	Lߠe-Ţ\0)H `?z.3\\Yi&f^!}:$I-XH/\0#=\0+hE\nzM6zxF*2L\0?1?pkɬGZyJ|r+gf0nfRBǹKh#+¯6kuL=U\'{ͧpYT0l#;\r1\"#	\r%=V6..-P\nRRx/Q4LEAʤ=)o 敎\"qmFV*VhHPP\0r^\rs\'[5崞첅mФZABVUS\'YX[I6Q$$UoY	p/ilgvTM+%K9}r)@$#A$4{(nIVIR*̑f~3Xp]ge0eXeh)JR\0OW^<NJ\n@(O<ާ;ӌH{	)PKd`el&\n.%C?OFӄngIo7c	SjJ>Q]\Z6&#\nP*X{$\0yEϽVFf121C3=_6\069e(c-i_t?[QIwQ/Ew^y\0Uo+gP\n@YA\roTfL6bsq!/ZߥJJ$e-3-ҳ,1I7HNLQ,bJO_H${BS7FYή+H_\rG[?>JTk\0ڱ-^W!\'l?i7G(B?O[([,_OtoAOvݏ2XX|&:.#i,cCi<l%)H\0TT{Y!BP\n@(\0P\n@(','rodillera.jpg','image/jpeg',NULL,'',8),(17,'\0JFIF\0\0\0d\0d\0\0\0Ducky\0\0\0\0\0P\0\0\0Adobe\0d\0\0\0\0\0		\n\n				\r	\r\0*\0\0\0\0\0\0\0\0\0\0\0\0\0\0\0	\n\0\0\0\0\0\0\0\0\0\0\0\0\0\0\0\0!1AQ\"aq2BR#b3rC	S$s4%\0\0\0\0!1AQaq\"2B#Rbr34\0\0\0?\0\0P\n@(\0P\n@(\0P\n@(\0P\n@(\0P\n@(\0P\n@(\0P\n@(\0P\n@(\0P\n@(\0P\n{n@(\0P\n@(\0P\n@(\0P\n@[81ܷ!5;Tumԥ!Qbܻ$\Zs3\\ȟEV@}e%p&bя(,\\-h$o:㲾?1Q+.?GU-ys&Fg ߘ[|mn-\nkAo_7X͟\0K)[..DWW=ao\Z٥olf${ivuJvҚ{{92\")bz;f+uP:c+2\0%XB/٩}КM|aNH{kQM\ZK{_?[{?sXgt^G۸s3gn*6IiA0&=Ϥn	Ut\\L^r몝QUAh\0P\n@(\0P\n@(\0ས:Loj#@\0|ȭpQݻK.iRsakoNy|yuR؋`yI\"\'D멽tqR\\N<z\"̺0Qcq7Ll}T@q`~&uz{|	nk/8A	mnm0I$aIwڲ-ϨMm|\0{ri[Z[i>.jTɲ:jB<*Pr_^\"4\\mT$\'mｲVEz[MV:\"sr%&]IS+rvH#TRum-RZ3$OC.p5)㯺Ó:*)IE]I(\0]_۽}vt|9-_&Iqbl7&,#ٺVj5vFTdڒEE^Z(\0P\n@(\0P\n@(gs7aw$ʵeJ)TChJab~Uf茖JUY1+\0jv/)EaeG`V6Rd:]2EQ߇흪N}w#\Z͋31%+(\04gh۷#ܯsb|N\nUuؿr\\=`FZ̹-7HAaP ֝2zR}LXu\ZԖ\ZCvɹIHj*ܾUA%Wq\0mR~Zץd,W*hE\'_ϩ2\'\0\0jZPJH$7Kį6+}J0.(ބ~!i|N.t||W\"G^%\'!Dr9$	3^\nmإvܡ\'7&._3#kHns<|vkK(!EkpmKq;.zwu\'\0ŷ4}&=pk\0FM8Rc:㾀^ATU8E>\'(Gu\\Z(\0P\n@(\0P\n@kGo0?䥽3&pZԷVϕrn:.\nBR5	1Q! }j u\'q湹J}UJ虈i|!*}DxrkfI,K|s,4X=\r,#jҭ: ZG\ZZ+.1n_r=̆S(X$st\Z\ZlX)ߋnVTpcrS8\Z叼\'\0\Z}+rSnI.$k\n6\'fmXt*xx\\x_VtUїdgFBGS\Z_1jܤ)WlKKm:mp\07$\\~8i]Exqb9KqPZTnjگUmS$^u3jykfdb+n!(@\0\'*:κÚŽ/񿥾v+D\'}P\n@(\0P\n@(+96Wf7\"=;)9d2.8A6*nҟu9^/{f&G*qr <X#V#uSnzMaacPjH]03JFWq\"BuX8V$\0*Ebv$:kׯ\\J?LymO>eR4\nJR#X9UׁX/o2g#aө.Ax+Ib(8/ר)9~ǶyLZrwV5}.0Ҟ!(\0\nv&#O4-VKg¥.+mRTbQqpFׯh..FxG)x@mMۨ-]T.8lJR\0RGK\Z9*j(	\0nH\0?i.ػb6\nR:(\0tE;Oyre5\"`oc*JVӄh\\iP\0UsU]JhUd?\nPB]h&Lˢ2PtRe$[Z(4e*1/11\"|%[.`-@zOIcz\Zْ״Yxr$e\\)! \0~,<{Qpz3`Yo\0ff:|P\n@(\0P\n@(\0 GIyl)_,gq8Гou<dѷ?\nߤ;E;oenN8ԡYrTۖme*?]׸+h=v*O<Bq	mjx[Υ.Gy3u⼰I-s$tIROQ	JϓVyea6JJmtzIm6oĹ8f>B_n+hpP\'uX7%Fʪ#*BέHJI{_*7/l B֒[qPEq<j=%}ACK	7_K\\(:$X[Z]E({:dW`n?w±\"s,$]+B|A)^gcLw]zU	J>hE|>>tEUjd1\Zʵa\npףer\Z\rG卜HШiVBNo2WyT9kCi u,	J\\{⸢1n{2hNELoqGRk.vcvITicݕnT8P\n@(\0P\nNwc1w\"?U%-~Yo9$Z*DvVO#\'/ĴDBH[В<^Ir^\'Ŷz$FeDv>)ԔK܋s=1K6?Ym$j*MuL(nc&c%2q)pZ*:oBB:TmGԷE.(yKHYrJt]/w\0mFےA\ZVndՙS(X6\0\0\0ijkZK\0)`]K\n+DAE#\')R\r	Z\r~*V,H#uH0YO~OT ܿq@Sd6#ƶ8wr*4D^]/s%c9G6	HH\'MEЏ:_vp\"ݰ^qW\">8՜p7zz\0\rEz[L.$lHłBfŢE,.?\rH&U}_ӱKk@ꔟ-R>b-]fj_GWإ%gpP\n@(\0P\nֆЧPB\n\0RI>T\'nEX]TPXg4 -֓\ZG%RLpIu(:2,l\Z~ncϰ\r\03By=؇8	cũ[qfu(XIڷ j\05qX])7=Ja%Mj;nBSP\0לZMjvq:tx/`	\'v\0Nqc%7xGۀhU~VTj?3m2x4)\\j)*yR,uwtI^xU≫AysZT.](+n޽<<QC&Ō=)po$[kW&X{>=W=OVX[ŒUn,% }#*ޖSS`B;yJjKAIm֬,A+$9vsuL)>}߭oXD[Vv=	{dYT<9&WpGFpn<M|~^s0CZ$\rln*?*XS!GuBܛ\\MpX8i`grkqFŵn;$y}ҽ79nVsP\n@(\01ssv#<9FB!4-)]-#_kD̍C.?zHƕ/*{.Qw9o2qn.^FTVOĔ]Jv8m\rPW\\msٽqғھ|\'gZzYXQ):T?ABZ]hzgfAac0pPC)ؓj/MlqPnRfNn;d;܇9>ch-}oy\0zfnuMhfmITnZN%(Jx\0W6*#j76*-hzۨazڟM(U&\\a	l \n\r̻cRM~>aOA-7~^GFDlE>H?#[XqŹ*8au-%|AƤt!	 7}\"[´1MV/tVtdh>ͅ{u|be*=g_ASIPYT7m#U(t(JG:`qc)BnVI\'j~?u)nr\\$.Ea,\"aM=qB|\nMLderg<Oq2]FJ~\"M.Coē$G8oƑ*كdi{ܔ%*?oC\'\"ϛ]_ŊGy:{	yҽ \0P\n@(\0 ~-o{MK1X=Djۡk{j~Om\'gz&Wae8\'Vr&S+))rjN\Z%/;_)݌3N61ڊ̀JJojrmYĉX$㸜VΔ{*%ve)ZV>Ƌ)F%F\0^~lC1I\ZvԅǡkQZn_s\ZN\"jʀ̃u|,_R i27/\Z%RJn\n|k_ӏIBIV\re)d$J1ӵДҕ\'Vx\ne$R>GAye,TRIGT\reVc8ɰFǿD]A n5̲);\r\'Ҷ6L)O\n]J#=4z&mkjɒ[=|5/ȑ)/u\0*Cai@BJ@0UR!-ʽuu_H#DP6\0*zI\0M`:.Q>sj(u]77\'Ucܼ=hNs!Je1T	Ҋj~#_\"~?mnc\">O\'Vd%)$GMvkcR3y7h]q͊@(\0P\n@`w\"%0\"#-둒-,CTA\0zk4$Yʝxk7,!x3N!y7Db\rH\nn)-oJ@\ZwYj2p)\'?~v~eٜNG2&u%+D5֠\05r:4llZNvs0G	w6KL)ùJ+Q\'yʲֵ:|WK68so1iK/ 9\nUu\'W;~?i̛趪EKPpGP1UobnShWOYP\00 z.X?345ɐS	<1-\ZT	,\'QcMƞli[\Ze)KUq<!dH*ݱɘ%\n>t0N\"ڎ\052줳	$lF\r@KjZn:әRm?ۃ8RNv:.\Z~BB6[ջ́T\0?/ȓMAZ-t`tM`{XӸ=W<tc>:,{\'[{y\'֨\n7?\0\Zխr裡:(%@V=ѐ|m\n\05cԈ_rߪLr]m=g#ۗ*I\rW\0WKN{!~%k/o½Cc#;6yOs^/e*AP\n@(\01>f\'kĜ.CȡL7\Zm*PT/cQ2raȑcM\rVrOwx*sM1(THⲖۺDJ*؟j3{Y\'E\\Λ[tU|OM_Miq3)Ar}.m\r [\"Ljr34jE/ܜOer\'[0yF3.[q.zoᯝK9se&>DlՇ֠/\rW>v\0x\"lFɧq4QJ\\R)	PS;(NLWm94(KH|}ԣJ\0[qZ^4*RKKΕ<hLIX76nmj3im_)[_+csljBQf$cu-:V9\rץgG!8䓽*e)Scץ\0?h^|;[Lɹ?B$Ŏ+p!	³λ{i\0t#WyNrFs!%HqeQIAROzN\r[Js67%r,ly4gVIrSYiu.6.yc>y[ccݬ#Ҵ3	`3douis½qk>?fVm!-I@lS{\0#|t*Ãqyl\'U_iY[C$V&Ih?TJQ&XMBVTU<U(_\'mDN\'38z\".BrA-\n3s=yx\n;>5ՖcJo鏴hCMi	B\0,\0BGS\0P\n@(*RP-jBR`\0Ԓh\r!Ƨ_,5\\jȾR?l}nUZrʻ\'M/8ccq|rPՑge%BB\0¹)$uҰҞY,8ss܇yؓhv<ö)IumlNj{~8r-s.Xc	qeL?F*e}V\0:ldmUVrW/F)\\\0Eg<IlIBV\rܬNq.IkEfjugA=0<xy$m(p,5V<&W.Lbʡ{%Sc*ڐ%;o{HVKqֵdGnP9CwWo[T.T1OqxXq8xߚ%HZˆPOkaGuCe2Y4V\Zo5ν5AoƶJV`iG=aڧ=wn?W0ֶң5#={ǆ}KtnJR´=\0/tݝa=&U)mg!pl*]\nH	\Z7=N\\cҢvCM<<KZIX\nAc`*VR؅ݢOO(J%CADmu?\nU\ngD۪O(S\\-@a9-){nR	ַK2oZEn\0cW;q\"UoeW\'GP=C<\\oq,/A+1qmǦs\\.=yp^FH$!@(\0P\n2[ -	y6Tn.[8Eĺ/k)F&~J?~*zUIF94I/\0\\p=U^UFeeSms!u|w=8p8#+#=cBw{N\\MQBÅۗSO8tqnG¹.*|q.3;465-B^d6o=Zm?a2vUQ܃\\NOk3rL_|y\n%( [um4WoE#}mV#nkJođgq]b\\bpԩ:ƴSj(*\r.;ԯ7-[.B Mh(;V,okt\nM*=ύrޘNMIg ]-B>?{Z=4C\08K%*J6lɿn~ݰU_Ͽ+8\ZT\0#Wa i{6ֽ*ImhA@Z\\6y0u| G2c㋍\nJE$߯J߹s\0OE~?S.<mz}HKhJ}\'`&hAnT\nT\n$? iWR>=7ԏtV;T76\04=jSqZ	3,	9IQl\"BO\'SzU[#]A[\"]^;!o2@W~CWv(ZP_6yv\\n.H*iP\n@(\0P#1xZđҀ%$	[\0c\Z~ǶA{:}yz_*zxCAKL4-R^PmhnqtCh\ZF<|yIB+/F:(dq2e#.\Z?@nTB@JG)	8/#/^<3}rͬ2.ciykm~gNO:ZO0}ʇ?.gJid,TҀ7cr-Zo\"O\Z[\0ѕe}٪v$)}q&<½ۃe$JG7־G^UJr^ţ./K\0\ra{mW^dMݾ\rY\rՑvABGVEiOZnwe1Iȉ7yIiҠt\Z<$օabFA.6V>C#&@Ď@XCNram+n]_˅?#X>*I5Fa6ʽ3_ce7\\\rxخ섥7%#q{w(k#X=se7pQxؑb6X7,\"{L)`:ErzyW&=Y]Nʀ6o\0Ht-e;Z\0I!*OM:~UuJ-\rn.	Qt\0Vn	I6tWF6Rn\nM\0fu$mxpNf{@d?.청+i^;_|/q]zUfVъ@(\0P\n9}#>e\0ۙs:XRn:\Zi.\'rJ֠w+a.dl>$rrc	;#[nsG-E#r*Ĝmkbl[QuW%)Wuz[=_XkGy5Ɠb#xHy&alf:7{Fl{iP7dv1լu.>EEvZ}1ƆP☞7Ėd4Z8~frI҃*5B#:1PHb5օdg:}%^#O!J(>r2Cpf*D\rSk\\֥U1n~QM);_ȸ$\Z%Sܧz8%;4PWrQ@ڐwlWDMLRN.0>Spy#8U!	-UErk7$3Ckf2gҹ.$LsotT(r.n*:uQWʺ?nKcA\\ӏ\Z.oVb<IKd$}D*wzWGk\"9KWo:ܓl\'@hTmoOTȍ9HY7#hZؠe1#2^`#@\\\0㪲5=dh\0w0VR-	\r $% \r\0OBݐq!\0\0lSWMu)B赁\0\'@NtXC9mb:d2_m8sG23ݏĩ\'PΨI$j\n\"5\0Bߧ_Iz	\n@(\0P\n@@ϸww湯*\rG&DtKKS:Uh#Jga*B*Pk)=MQLG	̬nSlbLd\0t)fBFA/k\0mͺ/~YP%*\Z<PCyQq0?y*TW+_/͘,%kq<ԅԩppGڒ)R}Kޙ{{ʸ܆r8)Wm\\[=?5\ZXqf__㤗Kؐ_|_(LY\nJIJ_¢FK_R23+$]VjR=c؎B]bBJeCB節ы-GxG^<mˎ>#	[vIG\0%}d%&t\0i\rJOE$zHJJ=\0\0u&J/KvlSsQK!8ʤR\\u`UazOӿ?J3\r?lHuO<ܵ\'q$|A\\\"3\'z|օ7>\rMϭƵt@SHPJ\nAVNTZS{u#N\Ziy13 ⶆ[K7rn+Vc/ff.W%㇋]y2%),Wmߋ<?/7\\<$!@(\0P\n@(ߎDY]rԇ\06??\0IB\Z~>nū\0es\'_n\Z=eA-7q.*QIμ\Zywqz%s%,,o?Pml^iB٪oW/#V{m>5Ƴ\0,:[N<۝\Zdk6BKu+Q/j\n\\]l-Zں^ye\Z6`.W̿yRsdR_zOJ)\"W\'iA| ;^̖;\ZdRG_jMt]v9I?i2Q2/\' \\u	_S\rlWlA5 \'q<L!ݞܾ\"!-dCxm	\\_Zv+r#$8pq.Cԋn^+ݹ۸׹tmnL<g\"mqR{)\nRUF\\7=;Vާq{jÂuVodmoin+1-;\n_f46mOڃ3	ӛR\'jǢ~7󬔫nB7ꫩ̶S7)I*#^ړCK\0V0xI7@IRR\\	7$[V͋WU+ZU(N[_?f]y7)L(Xuݎ*+ͯ\0mĤࠠo>{e*_7>o,ʿI[R(\0P\n@(kKhR֠ -D\05$\Z_u\'{;eN+ a-\Z`\nZTzכvR!åjwҷ&r3[B[mmHCh		HDA]iCy^ca\0 (qOTtF>:Ǹ1J4>(*t$ޗBkZ\'qL\'@q\0ZRuW#	jQzM9Rd/o/[b?X\nKp\0\0ǰ^\"Xʴmyws3\\X`̹\0aH~A+J@\0!{Wgٻ}q>|Sqome& XuzGyadD\0-j:ɤ?MF*ҵ=GД$nOq]\'nvXf_/ơacds`1bh%N&}RL9Um[zr|<ht;[պQ>e1yP܄i4oRfNKi٥qsamU*\"8.9<_屸5u2T:_AK826[+|vɻe,cc)Half#V=8sr}1~6Y\0yَJr\n#ǟ:ٵ-IW\\Ɣ-FSt\\r,֊@(\0P\n@ao\\GvycN#d\rcBeLZd苠$3}j,\0ypH\\}II#Z\02W\0=\09Bw$znTM~]5%uMR4(QKw\nbjSZIT$}\r؛hu\0WF<gZSc}(_̎WNց\\hUXQhP	B&\ZM\0\'3d&.U\0-U?1&]W̋j_	>1Y@wjАHu\n>[:[סb\"Ҹ_ŝRnn9>]=O\01BR;.(\0k\0p(/N[ڻLq#^U6f>fq۰o:in8ĸb5\0krT=ywSziKJeST$\rJCz|T<*F(ԛXx\0:kS\'J)ԟ\r/TSΗ!,\\ܟui>\\VTUm6\\t\'.]ʤވӟy\\G,w.cvE2܇*QJ<+>\0ĵ\\_w\'hn.W\\Tmq\0\nR5\'F{~Hb،r\0fE;/ q6n=	rdt\ZY)Llx؍7fK*S-^\0P\n@(\0!ߜŵG..J;c$B͟J3\n55	3R˄8aQ?KFũ(:AJ~rq8;NS>9~w^OOBV5JKԍ}sߊncb<GϭMGOe,&6(@=7y8c_baJ%\'Et?irZjieާ/>u5T\\bsWƔiWF7͋j/pڵ+\0BMN>Us!)+l,Jǥ_zp<7IRU)࿩3Y	DSN>KZ\0{֫@9U7;u\0H?\Zmr*\0u	VԦ#Oǡ\':p-q>)orNZ\"\nx4BqFBdTҭzjOyާxoW[<(x!ł#ҝtM͵o?kgU}Rxsbq>9f\r#)*ZRפ޺¯96]y-?Jknph]e2@)\'#6AnUű(s7)\\z[/\"RT\0P\n@(\0_swC&,/Tg6wոHvY?#7ù6Kc-J1},lެŎn7O4l~_o7A9;o)wZݎH@\nuyL<[iN^>ӵV:2VS%%$)\'A\ZUUMK#a\0W)=tVSJ3\\kmT{\"b\'(M zuYRml<0^,;Gn1aKeVlZ&EWm|ߛ%]$f\Zo.tU֐ԇEԲ[iKPEHUVž^\05KlؽmuO:$b:-_r>=-P\"Ӵ*A;V:\'Cv)$A~YBĪy	=~*=\ZHYxG<1xh~p)$o?UVgv6m/m$ܴIU\Z,|/NWyV}=-$^K1\r,oEr\\nLtrH)w$^^;4td%#\0?V[֛:/>/,ΗK꒬W6S(P\n@(\0Pm|Q㈡:nI\0Ӛ\'e\0nR\01Dp39}ԃkY\0<o*hr4}HƝnW7\rd&>-\"~R𸞌IsF׵wNUW\03;x:fQ⇢\'nҨ&`u7N:]?cquA.|b5U	eAe\0CXߗc܆8V94\'r\n\r1ꥸ j\05}Z%y,c,ܓ7yg&Prn{rʖ-ՃH	OK;ҿYKȹKӷ# os373 !uY@46Fӿ]Jzͨ$$y:j<~_eM(+AIqT\'Fb|_@(\0oo\nZj^vA%[nn<밫-]J9K[m>DvlOΆTMR}xrnF;qWÍr*P\',xڻ;O\\_4\'{YyGI\\9gNu~eHRӵAiK-${pO\n;_\nGY=S]>i\rӯik}l6\Zs@V=ԗkgm۵Op\0P\n@(\0N6Wo{3mhAR\\ARHWeFKSpks^Kg\'P.4@dx<kq:F4C܎</\ZLvR/e\rev\n%\Z[q\\Qpg9;cǾӞF$ؒ.T<nzjlpA*˙q`q/F\rr P*Iw/j;J5nųr˳Gъ7\Zc[	y¶,\0=:^Ssjk_Zʻk2$Y{p1r]<}S\'j㖺BJ>uu}Pz\0\"˖Wύ,LZ^BQز(EƖ\\t[UUGۨ\rmuԨRƎyI\\!_HE&*GB~ԝƀtkTΓIOTqgpFQ;)A^_ƶ>N+/Fƶ=iW9~vj[p|r: DfL$>2S	yv?㪸H?#^}c[U^G\'<˭o)>\0a{?BiXZ(#\ZܟY~V`J2:v\0t^l4P\n@(\0P\n@(6P7!`i> Tjˑcd!ь.S(u<\Z`<09i~fTEԦ-:_nUݯ/=9=S.\\z\r1J[nMvQjJ1$Mb\\RGpR*MQ]Q$8GG!eW\"B,N;ky?%\Znrˣ\'&#㻏φӮqNE	1[:r@^ywNv\"ҝ%2(d9{wW;B\0\\֪v[&q~\Z{.Ēe!(jchBA%3\\\Zj!$)Ьmeji`zlM먬]\nIw\0ٹuQJNʵ꫐>7Qd-AfC-}pqXV?;6a)JJQu{wVڋtհM[naJ.,ҧw{?t-QpDcp []Mzkoƣy?rym|_spa\0nonA.2Zz!i|U[D\0H¶O\\?id\Zôo䍐JۜؠP\n@(\0P\n@(Y|-Kr&I-!àZGB>bq丛+v|\\^>B04JXp\0AZJqR%t~;{a^`apR?~!]@So5vlz2zEJ^j\0*[R	#T|x-Ǧqم(BK:Tk53\n7\rdMI6m]#IɕY\0xӫ)ٹ\nk=۷K\nkG_g}}dշԿUWG*G3r9jkS,>҈\"${Ĩz{\\xToHueJUȐޤ8p\\xG]*tԄ*B@Kb$fmt[H>Ru[vץ̀jj<qeoEϻn3\\Olmrеvs$:7\\${j-Oo6i;p+ß35샽f4Lijy6DVT=US!L^Mam{HeK,<~E,hPDh\ZC166(B@\0I%EJNNvTUJ\n@(\0P\n@(\0kebhZ[^,4[V>\Z+*vR^n$z6QE+D6H>+MMeN`;2G+9%;9)cġZ.<k.J(kՍ?91y#%| t)*6D}M-\'uM\Zј\0ۯMZC#y&ӯB/\\r1rV-(xdt5Sg^rkGqkQ=L轼p]T\0aapT/Ҵיc+nkڗwVΕ:+̄8Rnh4`-%	NR\0OtT.PM:E>^&²uW^EhX<ǖx;y38n?.BQe>v0йR\0?8X%II[o7ȃܜg<j?Ҋ{QHT\0?QץzN6M[*T\\dsŻ{J+?Dl=02nG\"Un:U▁7>**>5vb=g0\"_n䑩ƨP\n@(\0P\n@(\0\n.B;&2@;H#\"ѓù#d\0PA\\n}\n~I\Z֏3(mcg)%;E,P{mqc\\3augEmǡN+K\rqm\\nH>\"K[3M5Է4S2*Ḥl:$xym	-\r[G\0ln|G/wBq.2M) Xȴfkw:R6kiH8\\\0J\rpؒ.I:!0ﶽ:⦷ܙ\\YNB	^:jq^S%-\0CZL+w)*IsFTy8/t#ІH7\"M@k-zZ/ϑ˥T^H㸬&3Fa-9.RBĝ@[(_Г]J籩].Ju|RFw{\0r/7y)b.eJЬm\0Hxb%\'//jǢ*/7\'<(\0P\n@(\0P\n@({˳cځRɴ&ҺnSx᧍k)\\	0eÁdg6T)^׵	ֹ7FZ}$%j(\'iwme2i뱣Od9%5ySy,6TCR<Of7KuoQzlkƂJ&#uj*Ђij=KBw}f^?)ü4SQ\"b4|nϥk;V20vKGCYe#%HJ]{{X]l[Zjof*xv.S2}7y=	ԡSceO_*9\rd\Z\0+8\0P\n@(\0P\n@(\0%iRpA\'=e>bSrtB\\prQMJ[ކJ7><$	TO*Iks[-s0♾!X#0R	C)IJ5u8˩2j_fQꡨ\".\"O\n~	r>R.§$J߷/6bأ!!D\'MEs]U\'I^mDadL&̬i!	>VM\\7۽y\0:3e7ZK\'(qcf4Tlx%\"TbW&\')jUW\n@(\0P\n@(\0P\n@(\00.㼏#w2Z<^C(σ78(V*K)Ii/\'$Mh*\"۪77bUQ6DRyOoHB-eזp^!/A	VՏ-jgo^#F1\rS\'FiJun,%	B@%J*ƺ\"1{3nOø\',W!yaEmƟ)m#Vd¹wIlt=)\\RoJ؏Gkb8?aJ#/%$Z¶},uzwyjdJۚ@(\0P\n@(\0P\n@(\0!)$-\nR.>\ZU	Ǚ[}r 8w*!)?>_Z|*Oqȶ\\UUr#뽫W}Kؑ<oZ.O	ɔ9oǵ!\0W[n4rբtDOؗ_t$w!<*8JU_k6\r@ZՑ}P2pi&b˟\rAQ&n<҇Bn*t=NqhP\n@(\0P\n@(\0P\n@(\0P\n@(\0P\n@(\0P\n@(\0P\n@(\0P\n@(\0P\n@(\0P\n@(\0P\n@(\0P\n@(\0P\n@(\0','Protec._P.jpg','image/jpeg',0,'\0',9),(18,'\0JFIF\0\0\0d\0d\0\0\0Ducky\0\0\0\0\0P\0\0\0Adobe\0d\0\0\0\0\0		\n\n				\r	\r\0\0Q\0Q\0\0\0\0\0\0\0\0\0\0\0\0\0\0	\n\0\0\0\0\0\0\0\0\0\0\0\0\0\0\0\0\0\0\0!1AQa\"2qBRbr#C$%\0\n\0\0\0\0\0\0!1QAaq\"2𑡱bBR3\0\0\0?\0\"QD(>a\',fJ¶ʹZjSPm&P{\0mfW;AR[,CO֏qV9ϴ4%Ƥ\0VҚ\\|qT>=z_֥OxSiȠf%>DP褨|ַ֬q]F$>Tż?ABհ(DJ\"Q?^xïl¸a^cgF!*n?h-y\n\ZP;鍆կb,12H*їomaL-VOǕ5qfj%Eݴ]TOΨ5q OR܀PPj1So?[Ëpq\r^-䐇ۻNIN׺Kc0{jZsCpZ;/#-v>z-X1n0]DuGb=\ruy<mp\\h(Be(DJ\"Q)>x׍d딙T푗*[Pu褥Aca:؀c޶ۧ`^\n&za\\n1-XSj\Z]\nSħQ\\Àhlm+\rb󭷫l<.Tvk	;uH؍ =S\rjgna%j^g]NzV:W`7ͱ]vTWH|4,U~őigND{**3չ5n˺<=d0ʆ\rnؒ?\'ykI3d=# ieܥjPDJ\"Qoܧ5P)\\)Zv\0Z;Vu%ki%1U3/ϙu2	^,91CpJ#\0Sd)]uY\\W\\	u;=ieu\0Ks!:|b|6d{+-ǣG@\\$IV}R&UVH\\<X?Ĺs<iǐ?]%QC65@m\rGMdvi!\rG_/NB=\'an$Wd!vi\0(l^M	(ɐ>ԶJI=f5z@1*0kۭV3Qi>dk]~Lk@\\Y.<MVBiDJ\"Qd{͸ٷ[oٝ~gM[OC!񬬂J;V\\jOIr6uHqhʵ3șJAcA:%Z.S\0\0ZH\0jq8Rp8k4\rָr>c,G5+d۵FqjӠ_脒H:ӮԖ͵,Mc\\+_t_Gh?p+	|TUa9?J\0\0	}kgJlÃM]wfTVgcroܬcpIZHJ4T;=n3愪FkZ?U|\0\nqu;\r>|w?&N3H<҈D/3d;r*c[-5骒|+EHTIir{6[~ʔ1\\i iۧ94\nv.1<-`&ƱmzA\Z՗3=Jyt!;ND|[ķ?u32,j>K3xES)Z*Аʱ}D?nclawT\0?^I23}Dq9axVh-\n(b$FRBR\0\0qSUQ?y\'bʬXS%rFJJ0PRBNVAQ)&la\0cAߢ7tqFgG3EfЕ)(DJ\"Q?5.SĢ,obG`ʐ	?\rO_k?\';L}K=*VE1d^Mav8d%8޺jS:W2,\rZ8B6\"yh~JoLubL8<o朡;\r:SUpݧ~}8~JAjX-m8LZK1m-R4HBR\0O@+֧	5r<\'\'<6.I.<sD$! \n\Zh:Tӷ_Z׺VphmǴp?-Fg9;-]CN~ܮ5mZRrRu8<Oz\Z̵D%u0%D+[Eꓽ$h^i\Z馄E=ܱ1\0\0KfCq)+HCSUnt\'֫{l6F4|Bc$LTKܶE*;KU<.%Rpu׾T_}\0i|GXv7V\0\ZoC6Dr,	c*VA^U8U$xh8%ǗsǺ^A*<E8R-;҈r5[%zwGMv]i?{Tu;]@}(DJ\"QEgXS./ZV;Y[bJShXsykǳ:*^L-<;W]ssLj]J^\0t2N|Fսmpۻr(}YB8\Zy|쓏 z^R6I	QmQsK:nZ#V\0^X`w4#2=5bƅ\Z<8Qډ+if,VPm6B@	\0\r\0\rhh*{\\I&z(DJ\"Q ĸ5^@:\'X#z\\*s\rZq^\Z\0u\\1S.Id\\[>߉WЭS褝\nPe\"cF\n3X[KQ2mjP@\0@l\0X\\S\\|J\"QD%(DJ\"QD%(D_','Protec._P.jpg','image/jpeg',NULL,'',9),(19,'\0JFIF\0\0\0d\0d\0\0\0Ducky\0\0\0\0\0P\0\0\0Adobe\0d\0\0\0\0\0		\n\n				\r	\r\0*\0\0\0\0\0\0\0\0\0\0\0\0\0\0\0\0	\n\0\0\0\0\0\0\0\0\0\0\0\0\0\0\0!1AQ\"aq2B#Rb3	r$%CS4&\0\0\0\0\0!1AQaq\"2BR#b3r\0\0\0?\0\0P\n@(\0P\n@(\0P\n@(\0P\n@(\0P\n@(\0P\n@(\0P\n@(\0P\n@(\0P\n@(\0P\n@(\0P\n@(\0P\n@(\0P	\0t-~;39.O9[DۍM|k	eŬ˦`P\n@(\0P\n@(\0P\n@(\0P.(\r^߁!yxBq+d7w\rc>Jk\rв<8?7oɞ_yFVX\\u\Z6ٌs0w)wĝwg<|g70e}I >7ja+rlqAYv|n6H\0Ytԫk]޷ΌUq(\0P\n@(\0P\n@(\0P9ܖMQEiVn-JnU5sϻ>&#-cN2cSi\0iʊêyΖbkU*v?2_hrk0Ϋd)%vɘ举\0|*\Ze峥\'WmKA$w#mVM$_jIFmF|Yb\\	;G[XV漧TUV|v\"V~ٹ9<=ˌqMŐ$~ѸKn7mjs˔jGeFhkǏ/\'vaBH;ȾXּ%yIʝ٭vru7/^2_gB`fA~>?ZEkwn~5oizO{Y}/r\0P\n@(\0P\n@(\0\Z&yV]s`*3`\'Df1rtF/>wDb9ֳ\0ƃ(\'\\-XsU:Vv)\\ˑƿϑad=ϛnG!M3<pFz*6zcmFį(AQ幮_9N[9l7dO+0,YһQ-,(ZRٗ6#U	WfE2mĂua^ń1kzM%q%\0m=		k+gKiMd*sa|zOCmab彪pFy1G02ǉ%p0C<*BG{b)Uǩ\"\r9:Օ1+)l7T7*C	)K`R)q\0mNvG(qpYo:X՝\'yr^T~3U/+nCBXͿ	+C^e؎ɛqqqrXl,lh\0\nu͵8>oq\\Wu;rW<w-.sXy1M6#ȌJcֶjRE~\0P\n@(\0P\n@(\nG/qo1O]xY\\Yu*#qߏ;2p.VB)BzW67ku⡷T/ϐ>N{s!b+*?mGLD/O~\0΅xY2lM$l#֭u۷a֎YaTt[)#ݩY\\\"\'fƜ)]\n2Fӥx~oOOS[&FK7߾7Ȱ\\48</ޅT]XWkY+rUUdԃIʴ+QNҌh-T!,RE\Zu:\0Fjہ=z&A$0bd I,#\ZVa\0r^ā{U7-ba6Z=\'jqߟBY17\0Ƚ/Xb1_C\0#|`w>on\'ln_3\rR]H:}3b[ρ]D+BFG_3vtgH)8Rpב^ˑ(>kRŽ\Z,i$N\"E R.#\"4tP\n@(\0P\n@(+\",\\lc\Z7iUTt\0QSo~}>>.o{lؼ;drjN6K4X6<{[Wv~m_#Uj:\"hs.,{hؖom7v+鶪G\0h~,]ߍ.PƌEJBY tГ+uORxWzeKp]r\0o>,2Dy6β4\0ayb.}<ko	T;\0YmC\0o\n۳>mxbKԕ\nņ_\nY^MC˸W~̀;<mq#S܋kakxCmV&)B1%A[z?q#+9?LV#.6y F#rtdNF}K۱R	4\nFNnJ?\"ß\r:Eu{|Z\\w&H\0nWXzԒ<<(<ΰ}۸]xrnq`vxa,C?\n,Pvjm\r\'u󶻳;ǌgό7!#y\0jv]QvKLqUbP\n@(\0P\n@(s}\0qgqǃ7=rXӬ\\o,m$D\'yѨk1 iU]xP[H3dE{kMqWpG&[>}T-_<a\rkkܹ\'KlmjR귷rif8zj6`mQ\'qظW*أ^D!KBͰm/Zkq[ŷǇqDs#Oޓ`tǧt+tD#9+${p2M\ZT\'.]+2W\0nEc*\'@7e7\n~ܥ$gGV,ؐx_v+&kmȻՆ\0CWE\"2>4LV}uiFg>ݘ#:ӭe&z-(C=	z\ZNB,ҤUǻu:U-$sS\0$v\'Ȟ\0raOzЪ\\is\r<EzN\0/7Ow\Z=GuAR\0\0VK?hU:F\r}\rJqqm<@OI&9唲,,zeM۔_B[ZйVV.J|Oэu>(\0P\n@(\0>>./}C!s&JyK#]#>fW9p6vu:-Yr|?%9򙙦,wwcԞ[J~?zGIrQ>??^\'xT-A!#\0oM|So\Z=D>3\ną1`Pbw]\rLMKy0iԩ&3{\\56\0XXdJ+K(4eP%<ڊص$5\nvH*47?1\\\"5jx7d|wB\'gq吐I[#-V%2ܣ:{gCAxpYqô+*6fbok{\\kk,\n9\n>:5#Ǩ:ݥА%ܤbv㦾jmfE6C,yhu2Jsu\n.o\0RhّzX!J(ⲼG̋0bDIFofVWU|c|QΟ~0?#v0B=Xs\\nWP+zo%Ks|;gU\0ڋU/=p\'3p1Y0#hJG.+g\Z<#ܔhevosڝݜbgoT_\"\rU#.jɁ@(\0P\n@(/%ؖI\nq^FdvTHt?Gznkwr͙?{Kธ8|cCCAܖw( ^_\"z{kgq (TQvc~th8Ժ8K:O_ƺe&K:W;lJ#Wi&E3>}r _Qk1\'\\\nldUu`&]6c{x󽯝QC>\"Xhdm5(L664Lv\'r\\%?\'!\"%\Ze`es\ZxXyֆח~X?-QVn?4U5e\r#U\'FLq%YIq!HڠuUѴZ<F)%uXYPĉY%eZiS<M7c0\\L«Ȧ(ff|Gr_o%\nVǑU㋣,NN~6x;ow#\06\'q\0}9U_e\0#պj}_/ϑ_\0ûے8o+\0>vA1$ҳ7<U{(`x;GS5\0P\n@(\0>hi|EO|r<6\\O<n,M|SdT>gn(;zQwFJ\'wI^!\0$#V\'~XbW.EӊvӨfo\0[Ւ+Kh~*()ep6/[US|	ԟǝնGkҳB8rB{J_[tNqtĊK9!31?x+1ڬk\0OSZ~ӽKJ\\3#$IۓԬ khJPdOlnkR\".P\r1]/RpƤiW?Y̍E\ZM*P\"-q!ȃj	\0\nĝI3!Qfr%sV/Ytr釟EsC0;Aꪔ]\ZDeUNjg?j<?rGV^s\Zِhp77о5~֣as)׶Wm/_+P@(\0P\n@(sX	Q$B8r\0oX05Zn%L4gN?\'Pocrxxz2MGίPRpAi.A۠\n<o}T.,@\ruW=-	~uж֒Ą߫[ZBQ\'N[J؇ ~]EesDdMGk.:PҭWD(kO\0X.#%qXitoZxzS5Qý=B15#e1I\nTU!>]5F{W.%u\0a`<::VQ\n\0h^ j:քd\0\rucO2H=.A*:\0Hd)nT2PMɶuW\"p|lԸqSonQ\'BVHػmXt^]:8d	i#?afi\0Vo5v/F2RUO3s~9h{Es*>Y?}[8l_|tEQks\0P\n@(\00/\'n//ّrǻ\'p\"mSW>]{qt𒧻ME]@mb?|[*PHBYW1mbA\0IU}ˆ-ɡPmf\0\ZۂՅ\n\'Px`,ڦR%	u\0ݏyV1:2z#,꽍262g&6dG!#n\0$Ź=iIgߎ>S$ț3/\rp?nIxUfk9F[}@ZWj?n|&XEpFEltF\'E?c[I^WB,MP@\0.-ң,YTqnө*xuptCOPkTLR\'Rxс6?QZsM:q/OW{JUh\"m$=B嗩\"iR377Ŕ<}s<u\0*og|m;nܸno=rqPnQCjo-	fl\n@(\0P\nȸg1~ؗ?z־Fni]v.9PVw+|&3&D(fDBz^uZo6}z҂Ue#Gg=ȐF3u\rWW6a+F_O#ӱ\\!\"EkϜf@^\0\ZG[jt9#R渽{Xsʶe$S.P:ּ5\"*:+2]nhEb4df/`O~\"|2O;J.B<Wa9]eolZ&kj0N1tY\rj2FH<B\0V#]FQQttFjMe@hO6\'L1ug-5XJUƨryqU!}wjAƧFÉ\'55}mң6MW\'k\\5\0TS5+,O/#*faBK/]GViRDTG?er\0$9IXp]%k+t\0T_պj۬~oaOL1O43(xCueapA5IUdx	EEP\n@(\05o0;s8gw\\#k;bA\0KדoPOV˟y=7n(|~WprGQ8(:]?Wwi\'}ݧ%^><∃61\rчls+EDX\0nwq	$T̾hkٚ6ҵ<1BqF\\+#|p4ͶhTjlt77w<}^r63+d)S|ۑîj#t۩):uN4dàk7pЋ:82z{Ѓof\\hkO0_-raT/r;wj]u\'\rv䫊{NӉ|kL60eqD$*VUPu[Yꃋukqq*2obmqSSN[PAA֥6a\"$:T,y!ujYh،Au}O\Z$XV|ʕ2zukYӠUcIX$ٸzkH4]*lH`>ۍT<=)v1\"Qt37],̞#\"pyNakI:zM\"Kky?O\0VyҼ޴_s6x׿<yP\n@(𐠓M#0~Sx-1eg\Zֹibo{:\Zܟ0w/<C&HcooI,A}/_<{/V4I/yo<ZUqqy^S!O,uֹaFˎ\02pj3xpD\Z,8lo`b X8Y,SFdڗ8 ZۂO~\Zj#TeNNC#viqtww\nZw;n@^OTrjS|INJr7㊌cX*F\0qE<YYHkk{\\:\\p%e.U,lxT)II$EHl=@k*1I32f$?T\0*Zٷ\'Z?ܨmm\'Feȏ,ddICώhj\\\ZP*?4BtͥsG3=LjO\Zj-ԫH[Z%@HT..u~cGU1	d;~H#V5cBTC57[QR&eWPZˡ4\rE ,M)S$2:Z\0SN&bb_SjHRKnEU\0t:.EJ423$l>\\ԓ-Fy9bME$+zsMovKtVؾ.(\04Qʋ$RI#aue\"\raA_w/%\n>>D~0 (x*6KWTSocV_#zi䚛zqk$8C\Z\0\0h@x,OQ*PT\n61?ƍi\"`7q#,\\˃{To\\X}\n\'fńe~.\\s\"x!I	,@-wg=+779i6퓷sBX;}86j(O,Lnn7*p\\r[qGߗJŊ5ιL@Eрz5d뉈Ubo祅k2X&O[|*\n^Mn?sqg3ckz؝:ڮW|I#6,9CxbN+-9VV#1n.:֗SuOxv^NJHW]b$VJ8Au6M~jƤ3ұˈ,5=V\0RdKLIp}h/O:T=)vGhQTh31@@#,:Ҭs\"Bc%ѣTT\rh?ש[Vi@e%HӍOPhʇ(2Vxg(+@1B«n5>Df|U9W 79ƍS%_@[{yW<OZ֗OhTpE\0P~>B0<;cnhY?چK7n+6^}gϾ/7.|;w5˃_-rv\0`bm:\'.0|1>5KۖEނ!̝ڛ9?9CF#y\n؎U๖+tI|Mtnw2<XNF[繵DJw`Ѹ{F 34i	>I\r%`-Zd\"4>/#|W[]|V2HpBm~)듓զ$k3+=Wά3T_unw(\0Vu$SlUŉoU.r\0[Z*Q\"ugVUQnUr̄5υǇ?y,h{*rZ5[nv\0ӧ`rr\'Ɨ\'#W\rY\Z2K*ֽ\rrlRkU^vO[\0=BBm{tV*3`%ch`( Ooh#ꁎ?KްόVтB\rO_\nSFIvRX:\0R-jKY,PR;__5>87QǆߕJ&aQbJ~3r7c4n[uNz\\pfv7wbwk\"~)Һ7r\rw{4^U4E\0讌VS A5PrCBO+~>ygvJStт6w\0xǉ7	eEcd{~חҫ]1{ub`<92DǁFZב tkqY-0Osm[grY/i>@6N;M@~$ζ<_oyYU)5:Mq뇷⟏s~K3{DGp߷ȿMWV~䍹M,Zz>\"uhcԱ$_}\nU;;z͜r{\nZėW;[x?&,@3)[Q?kQj	>3VRXuGCz2Ep=نG\rt+\0ֿη,r{I(_\\f`#2YΊ>VXHı=b\"&U$&UX\0oa_FD\0ETFԔ{E{\\ԕ*	F;-HTHYC_ְў.ۊzzڦDT&,~\0\Z\08=ԋoK\r,<Ҷ\Z^7u3j!2{`@!>UAS*IV>=d\0ezv\0	E6>uz۝3\0_.~ϑ~GI^6#.5|=@P٢IT]Cƀ@bx/Ȏ=$ɟOL\0U7i&+ٟ]Ǔ\'/1@^?J}ꏡU*\0jEΧ^2S+VHR=H7ЏI\0?]\\e1,Sb5oRiJ$*\ZZA\'G]<\rEN$%el.KbJ/V>x\0\\zmzYT|LT~$G,r at!E.vջO,{;oU#:6n_STȩ[ƀ{<ȶf*aҽW)J`d&PeC`ͶA`GrQJ6N[Nb*xwcRٖy{I`yPټ.zQ̋>lH$+֭R0KR@RSFiR~IQ7F]|.rȎ.}-VB*.ÜJc$: )Ԃ䍺8X⋡?|3i22򘸃\'P8dTf\0J־n6<>1k\rẘ/3?W8P\n@(-~&VJˉ<E*\Zचy31Mp9`\\x̉16o;7et>Z).6:,G!E\rOգn	d`[?]nLQU]/j5U9R*]XXCUq!	$Y^6oJIН	Lg,N 񷞚0W0gGɁXO!Yѕ\Z\'~~ۍbB\'(ŴDٯN<bV\"$.\"yFPοzVwlzij\"Tf%UjX\rJN#\0tu7@Cu7`[MLn+lqYK\n^HJkXs ȅnK\0BiR@h}vt55P[_-}*ȾEHb]5ZbT)Q\"oR.	[ʵT`c~#ޞ3?R)O<Uc	]N-m{mͩpqJwU(5,?I#8~\0>o{< 7FF J.-DP\n@(\04y[b2dޏRʳ~3YrƑV$%q,\'¯[pP;u\"\0\0\Zd$K*	QuTM	LAߤo~\Z8D2>rAmc\0:Hۋ#YGK؏>GfK28~1Jݺ7~/\"P<ml韋\'.%Z3!_;qW3/e+!xǎ8Ll\0ܝo}b󌚣˃kSqibX\0B\rO\r4BcʳJNNo*$NE(KSD7$-ק\'& \n2mE{\"\"2;k~mHԁjs#P=6iȃީ\\@6L.7!4b*1߸iQ+j+HH>RUY\\K;a?3&Dx}Ici+bMAS%*h|/~gݓؼFw5\0SLb	*o[IgκM.lun@(\0xNˬ{w\'>,7A)ЎqU|͖opkT.pܟ&O?pv+Z\"_PJfR\roTr1Ϥl{}S>F_q^\"xBC/Pu#¼w)U?(ʅ[$9T#=TykjjbIH8+^ƷmSE\r\"Ou\0*qU%\Z%}\nI>uSj\"$;XֶMxTTАq7ضHM	^¦Rh~˛n&9oߪ4Ħ}-ŶYG:ָ+deHl7UfEKI64:֥gƟ?iqEMt$z}P>7VaU\rCo=q%Z=%TXjn<ꖉ2\Z+bۆݭf|dYYH*Fv3[_M[bQ\"#DJ7t/}?[**e\Zx\0%>\rl_~U~ʍZ6-ͲK@[UJ5&EH\0*Qqc֦PaY`BM厽-j&<K`IrNвc*ǳc[;v7\ZknRQ]M.\Z{_z1ك</H,G\ZkImm+w)}X\"P\n@(\04G췃7.ʇT*g0+$b^UI@\Z0\"֮pcr˿7#<Foo1g9\"m7\rPGCj}Gm]).h/P^۟dEݿ\",+\n\nSoyWos8ǚmo)KLya&,Y[YiR.Y[Z6\'m{(JpEA9+6GA\'TT2D`yҹ	ŧL?BCvFw\n*zZiBjbX4/ٍt$[{*0Ό0@[k\n|q,3\\A&@_-M9W|Ǎ\nسqەR3GR2iX!W	1cH@h.57nԥIQ`JߎV5c%ŹA(KmUXgQu5\'\n(M&3ԋ2Uo#uxReجt(t鮕n\"U!{Os{^9pڌVPLUl>zn5>єqq#+Mi[PKI4\0*Ӎr.nf;)!Et-UcEr1E,+cK&G#\"\r\"*E덽ո86Qs1\0Ӝy1\0ERRI=@c[V껢+*E~fʹ>G6~s$\03\'m]e޾ͷ#I9\'ͷ?OyP\n@(\09\0_b)q1\0dpȿ\0\nQܽ赓XUm>G\0j=dv~!ǆ3%n`lꌟ%̡1dYsE L	<eM6VkTU4vv^gqknkl^I%9Xs3 aZ1aNRG13xےO؜~Ua9^#\"XeYD,BKY+}Bxr#,V5o[8\\\\\nrxyyP<kyGD/n<\nkÁJO-c[+$P%K/Ky;i\"u0?Oc䇏~\rsfCǼ}[mX,3\'cqyn*y	U!\ruGEVT̼e*辜I^eˑ0fe\"\"92{R2LrʡjqSY3W\"r\Z)HZLjcIm	`\\crY\"l,Հm` c#zu&BS[x%A+Ob*qQ̊Ş#HP\"ۼhk.̬^[[2AG2Jc*v!UA/WrIДb1=/#\'sǕǎE$x0ƅIDmo\\gW㙷[*.CVAq$)RB\'|n-_J^\02YG/][=cŘCd.v\r?i Sq\nRHHj(\0P\n@b?89^7XX$ȍ2ҹ{)Vxx(ryg?b+=bPuקqHMIqT:V7CQPv.\'7%ۃB?kv?\n_c\\n/3?$we._Ǻv-V\Zy	-o?\'ᚣvoĽٿ4|b^JYSO1@Woj:-ªT^T{s7\'q8r6sr68 rt=7r̵ZdEgwnT61|~SǊ91\'̜v6n\n:כP*\\^	{.tÙv.b{>zMM*ߋxJ&\Zl|,;J1Y-CR\"(0G?Iu	Iomu^I\0*ܱuRJeݍ^Í1\\n7E$eV\"\0-j,aMjlF)O\0\Z&9w{o`DInu7NYҖteWmok5{[ЦEr\'$*}bn]\nWiI\nπB#P.H>jMe*c@b\"gd;Y	ݠR;(%1:3CTprH#D2Pz\\֦wi&J	T\\=$&9X\Z-ۢgQ$鶴bWҹ{GVn()8/ahi?tsF>$Yy#xH6e\\h.ߡ+0{97q>{.W\"i[ݑnt-պf;K*x7/^~u?~ˈO3`?휉	s]/&P+ʮ\\&P\n@(\0<V:\Z| ^NW\0H@CP=	\"ߥ^s-pXqn|jq?wó4ūapT4uiSQ>bBy^\'diF\\\\\r~RU;*|fw}9&$Ĉ6%Uu2\rRkgnJveQnv_]a妊5!dw$5ݦQZFu]~?y?\Z-p]$;͎wo@5ẏqָSI7t-\0#o{k.Id1nΈQ$\r)[=WnBvܵGq݅r.?ƛK$ycǖY1	&\rVҮ<\\k_ȩ,^{090G-~O{y1ko#[/1|u\0a<#y;τۑ>QW\0~؊ڻbiy}]~eSI8ȹ,>>gC,d63Be%L{Y^T˧J.\'ԇjdLSnŝy	c,)%7ɋ%}!2p[tAX*WKCwU2~U~gw.\"&X%뮈@&#v>F;KW/y!dr	ew<4V<+4&{m!LJzm۔&}9%NoE/Ϗ6$\\p:\'e	Set,lvE[._יLH؎w\"g\0KX>&gfJl=ʙ0U(ussJӔeEounVwdQ]C?5d22v2=-Tm:P<zGkSLȱ\0\ZB]|av&!96G`TkhobuB+rzOo`Ofcv(c,>/+Huy\Zŉ5#]P\n@(\0P]Edue\"hkvDګ4Mĵ1i7W{ңq9[_iω3)r1ͅ/Cn\03i85-5#jd.2{	c5&{[1P,UF[\n\Z!\'ͦ\\,9ʄD:\"ߦkN/M}7,&9Ghed4X}ѕEGנ/]]X	۔E{;/$d7HSo[ZQ}WuډJFޏ! pb1*Fi#uW.[m#\\˟,7nwxdu6ϒF%-^jsoRiArRROf	9\0k-#PI$PVz\'q<᏾Dcg$]#Aѓ8x\0+EԶ\nEmܗżRr%raiLYp!]-2YQ\rަʱJWFxf!z92bǉb /$GnIVh~Kw-vÒ_2g2<S] CSQ{̞xbTuk\05\'Ϻ\'.^^\\/!4͍I*MJtWOzri\Z}Ȇscf\0-R179\0\"wWȼsrl=cV۩$\\׼[Hgu[ۥAeT-d>2_\"e1!$*B\n\ZRz:WCɜmݎO+~@fN\rA\0jF噲 (\0P\n@(\0\0.b9=ےȟ\Z02)@7׭eܲV&ـ\0Lg:eT~|GƼdFRs73Qf\ZLbTJ[p2X2^5Ħq$@Y\r-ܸaQC(r*h-JVɇOC]P8iܰH|O}.\'9fb6,N\'CBkrۉѲdߎbL\rX#cVJ\'*nU}Q>OE%D`3-[Arׂس=0$LCȀ/0)Ms.zb5ͣz>^|p:n\0JTq8BjX͵3pL&Dc}[~\"uciYGwH7;\\0;#OW}	l+6lQҬqyi<jU\0u|o?8vI\'?``|$pnYHwg_\n|ulXC\\YsTvz(jJnN\"(\0P\n@(\0P\n;{N{9IM\n\'E3ۛl/܂0/ےaps<VN<7a._rŵҹKamѮGCe:̳xsǀbɕTI#ly׎TvYE9C\'LvIk/TsxPӖD9tqmq84\0)qmۯձ Rj\'ٗ!3H3_f2u:V{ЂnR5ϚW=rYD5AmaBZ׻x3\0c%a?iYɎOz:tLIr1j?/ˏq:ɷ60.lV:.%.ș~оoxȿ\nfG#YOS6SWd$ţh#4s	ϻ{q$?(ܖHK\"Nzw/>rL>_7{^/\n[\rRT\0\0:\0+%g@(\0P\n@(\0P\n@| 0! A5Om?\r0peEXp }kua=ISRΟ}4oSx,rt|?Ƽ:RE.g	goIet{#GMu*)c=d\n-\n\'\\\nQ!7RPڋ~UeYc9~,syd!Z،u:$c?Vcc~e4o\"ś5=۽q8<!,$B][vDsn]V^aXP\n@(\0P\n@(\0P\nw;&\'21FR:2\Zݎ*vJ1ɷJ(\\m>ĽВRΔzIqjQ{ߴ8~J\\kC\\7\Z}B)X{=%llHfO[(7VzEErK\ngyW(o2~(OwrEm^QoFM{I|:&\"͓tyok󮭫CFwe<Z\0P\n@(\0P\n@(\0P\n@(\0P\n@(\0P\n@(\0P\n@(\0P\n@(\0P\n@(\0P\n@(\0P\n@(\0P\n@(\0P\n@(\0P\n@(\0P\n@(\0P\n@(\0P\n@(','Protec._M.jpg','image/jpeg',0,'\0',10),(20,'\0JFIF\0\0\0d\0d\0\0\0Ducky\0\0\0\0\0P\0\0\0Adobe\0d\0\0\0\0\0		\n\n				\r	\r\0\0Q\0Q\0\0\0\0\0\0\0\0\0\0\0\0\0\0\0	\0\0\0\0\0\0\0\0\0\0\0\0\0\0\0\0\0\0!1AQa\"q2BRCS\0\0\0\0\0\0\0!1AQaq\"2BRb#$\0\0\0?\0\0[Rm.%N5o*\\\\{\\P\0P\n@k~O<uvx-|]ug$\Z6.r{.Kņ[f1y8j\n5J,H`(WB%&./\n֜B8ˋv}W~]QZoV\0-7\0I[:w3N	\"%®bETOF>{ގ΅vRu{|1:\'򎃷fdkX FG+!L/ i0[W!E#QK4g9\0P\nT/0!H&R!~4BE#7I蔂V.F\\l͙]U[9[wAKZʱxQS1RPlXnWy:㦬a\\gݹzI~XY\'cbV`Gn.#a[ep\0zX)xu˚8漙OjRT*yYw⯐g׷-y\rUp&:\"M[i2~3zb[_VտϿ>p)8H1$͎	^VUc.)\r\0jcK47dF(\0o-gWʪ2e\rw:-HJN=x\nE檟rZ\\ݫZOk+T4>PPȬ~_sWiU0e8;B\\!L#EJG[=Oܟ޶M8v/yiAmHm.@EGn.k7A! t Hƌ]rN>&NoSǓFmf>Co?϶Ӻ_[ފ^鼯si1U\0?!MKٳ*cqZDXBݰ(	IAҪ\Zwe5&,,~wc^/*7\\fKk}k;XH\\?Rj	YE^}RӪjOa.]ZԎ<\nV*#*gDsV&)>_AC)R1d픚R|~dW3Lu{{}*$Zʖ[+[/4]IZt${+;rqiF}EI4Lw5B),?נ}jV=zetǤ4q˳* P\n@Fc|cۄb1\Z\\xjе,Y*	\nPWzEzpw;Hqxo}s桢dCo!\r-WT^bΕ[xw.]d5VTnCnT@?kI$\"I\0$vGء_Ql\0 \0c%Lq<w Xޡr\'{X\0S_c3\n~Bn6T|1rÑBP#V5rۤw<z.j;VءXHYd\0{eGJ\0Vk,Fv=<Yg޶3!XP\n@E?aClD\rkm8K2]k=tS.yoY\\*5)ihPڸWT]8l71DVA9H.;u}\nVA$bkcGŅ;<+:qOD$}Q֩\"cr#dabBBҿO_b=zV*<\Z|{cS\"JucYt57𸶙Jq%q7\rnvaD<X\'nJ~4*쫒vd׺-/W\'=]ȎĸŒr#ImMHBq*Jҫ\r>.gNtiVV.T*R>ªKC\"԰x]Sm~׌_Å\r;wkZ2^84T^\ZW[w-O׻j꽻9.},~%V,.}nVINQ6.X2xHSOȈw.B\nU{\Z|ܓN2[T<4lx;V&[pҁH3r:~@?In#Zqo,K&=0``?5,Ga\rRY\"B.l-R7nEϹly#H*${aWD\\F)Zo	\"ʐ^\02:wSޗzo\Zu2,O\\׭Uߧ<|ubP\n@(mMJP}A־4	Џ|ıܪem\\Z\\`VQawv@	vˣX}7PM(Mq9?*6	8\'!@ۧXX+uZSԄa\0\\{3^\ZόL5fGNd`̐t	iRT*[Cy1sۊ6>y\'c|1pm\0$\04}EY4}:ƑRRokgWn3xnx|NkRgGDLN\"iilY(B=kxR@(\0P㚖bJʛA=ץi˧.gSajNf^!h1#Q\0H	=/oZمR*Srun]fb(\0P\n@(\0P','Protec._M.jpg','image/jpeg',NULL,'',10);
/*!40000 ALTER TABLE `ImageFile` ENABLE KEYS */;
UNLOCK TABLES;

--
-- Table structure for table `Product`
--

DROP TABLE IF EXISTS `Product`;
/*!40101 SET @saved_cs_client     = @@character_set_client */;
/*!40101 SET character_set_client = utf8 */;
CREATE TABLE `Product` (
  `Id` int(11) NOT NULL AUTO_INCREMENT,
  `Name` varchar(255) NOT NULL,
  `Name_es` varchar(255) DEFAULT NULL,
  `Name_sv` varchar(255) DEFAULT NULL,
  `Code` varchar(20) DEFAULT NULL,
  `Description` varchar(1024) DEFAULT NULL,
  `Description_es` varchar(1024) DEFAULT NULL,
  `Description_sv` varchar(1024) DEFAULT NULL,
  `smallImageId` int(11) DEFAULT NULL,
  PRIMARY KEY (`Id`),
  KEY `fk_Product_SmallImage` (`smallImageId`)
) ENGINE=MyISAM AUTO_INCREMENT=11 DEFAULT CHARSET=latin1;
/*!40101 SET character_set_client = @saved_cs_client */;

--
-- Dumping data for table `Product`
--

LOCK TABLES `Product` WRITE;
/*!40000 ALTER TABLE `Product` DISABLE KEYS */;
INSERT INTO `Product` VALUES (1,'Estancia','Estancia','Estancia','1000',' Colour available are black/mid-brown/chocolate. Oiled anilia leather, buttress toe and sole. All made from catttle and buffalo. ','Colores que hay son negro/suela/marron intermedio/Chocolate. Cuero anilina y engrasado. Puntera y contrafuerte de suela. Plantillado, todo en vacuna y bufalo.','Finns i svart/brun/mörkbrun/chokladfärgad. Anilin skinn och därmed insmord i fett. Tahätta och strävpelare av sulan. Utformad av mall, allt av ko och buffaloskinn',2),(2,'Pampa Argentina','Pampa Argentina','Pampa Argentina','1001',' Colour available are black/mid-brown/chocolate. Oiled anilia leather, buttress toe and sole. All made from catttle and buffalo. ','Colores que hay son negro/suela/marron intermedio/Chocolate. Cuero anilina y engrasado. Puntera y contrafuerte de suela. Plantillado, todo en vacuna y bufalo.','Finns i svart/brun/mörkbrun/chokladfärgad. Anilin skinn och därmed insmord i fett. Tahätta och strävpelare av sulan. Utformad av mall, allt av ko och buffaloskinn',4),(3,'Gaucho','Gaucho','Gaucho','1002',' Colour available are black/mid-brown/chocolate. Oiled anilia leather, buttress toe and sole. All made from catttle and buffalo. ','Colores que hay son negro/suela/marron intermedio/Chocolate. Cuero anilina y engrasado. Puntera y contrafuerte de suela. Plantillado, todo en vacuna y bufalo.','Finns i svart/brun/mörkbrun/chokladfärgad. Anilin skinn och därmed insmord i fett. Tahätta och strävpelare av sulan. Utformad av mall, allt av ko och buffaloskinn',6),(4,'Rio de la Plata','Rio de la Plata','Rio de la Plata','1003',' Colour available are black/mid-brown/chocolate. Oiled anilia leather, buttress toe and sole. All made from catttle and buffalo. ','Colores que hay son negro/suela/marron intermedio/Chocolate. Cuero anilina y engrasado. Puntera y contrafuerte de suela. Plantillado, todo en vacuna y bufalo.','Finns i svart/brun/mörkbrun/chokladfärgad. Anilin skinn och därmed insmord i fett. Tahätta och strävpelare av sulan. Utformad av mall, allt av ko och buffaloskinn',8),(5,'Polo boots with velcro','Polo con velcro','Polo med kardborrband','1004',' Colour available are black/mid-brown/chocolate. Oiled anilia leather, buttress toe and sole. All made from catttle and buffalo. ','Colores que hay son negro/suela/marron intermedio/Chocolate. Cuero anilina y engrasado. Puntera y contrafuerte de suela. Plantillado, todo en vacuna y bufalo.','Finns i svart/brun/mörkbrun/chokladfärgad. Anilin skinn och därmed insmord i fett. Tahätta och strävpelare av sulan. Utformad av mall, allt av ko och buffaloskinn',10),(6,'Polo boots with zip','Polo con cierre','Polo med dragkedja','1005',' Colour available are black/mid-brown/chocolate. Oiled anilia leather, buttress toe and sole. All made from catttle and buffalo. ','Colores que hay son negro/suela/marron intermedio/Chocolate. Cuero anilina y engrasado. Puntera y contrafuerte de suela. Plantillado, todo en vacuna y bufalo.','Finns i svart/brun/mörkbrun/chokladfärgad. Anilin skinn och därmed insmord i fett. Tahätta och strävpelare av sulan. Utformad av mall, allt av ko och buffaloskinn',12),(7,'Knee Guards','Rodillera de Polo','Knä Skydd','3000','Weather-proof for outdoor use','Modelo exclusivo para protección del lado de afuera','Modell exklusiv för skydd av yttersidan',14),(8,'Knee Guards','Rodilleras','Knä Skydd','3001','.','','',16),(9,'Knee Guards','Protecciones','Knä Skydd','3002','.','','',18),(10,'Knee Guards','Protecciones','Knä Skydd','3003','.','','',20);
/*!40000 ALTER TABLE `Product` ENABLE KEYS */;
UNLOCK TABLES;

--
-- Table structure for table `User`
--

DROP TABLE IF EXISTS `User`;
/*!40101 SET @saved_cs_client     = @@character_set_client */;
/*!40101 SET character_set_client = utf8 */;
CREATE TABLE `User` (
  `userName` varchar(15) NOT NULL,
  `password` varchar(40) NOT NULL,
  PRIMARY KEY (`userName`)
) ENGINE=MyISAM DEFAULT CHARSET=latin1;
/*!40101 SET character_set_client = @saved_cs_client */;

--
-- Dumping data for table `User`
--

LOCK TABLES `User` WRITE;
/*!40000 ALTER TABLE `User` DISABLE KEYS */;
INSERT INTO `User` VALUES ('pudu-admin','033638b1cf3c98291d5d6d94c692a927'),('administrador','5e4a2b7007a18714ffb8ebe682373414');
/*!40000 ALTER TABLE `User` ENABLE KEYS */;
UNLOCK TABLES;

--
-- Table structure for table `UserRole`
--

DROP TABLE IF EXISTS `UserRole`;
/*!40101 SET @saved_cs_client     = @@character_set_client */;
/*!40101 SET character_set_client = utf8 */;
CREATE TABLE `UserRole` (
  `userName` varchar(15) NOT NULL,
  `roleName` varchar(15) NOT NULL,
  PRIMARY KEY (`userName`,`roleName`)
) ENGINE=MyISAM DEFAULT CHARSET=latin1;
/*!40101 SET character_set_client = @saved_cs_client */;

--
-- Dumping data for table `UserRole`
--

LOCK TABLES `UserRole` WRITE;
/*!40000 ALTER TABLE `UserRole` DISABLE KEYS */;
INSERT INTO `UserRole` VALUES ('administrador','admin'),('pudu-admin','admin');
/*!40000 ALTER TABLE `UserRole` ENABLE KEYS */;
UNLOCK TABLES;
/*!40103 SET TIME_ZONE=@OLD_TIME_ZONE */;

/*!40101 SET SQL_MODE=@OLD_SQL_MODE */;
/*!40014 SET FOREIGN_KEY_CHECKS=@OLD_FOREIGN_KEY_CHECKS */;
/*!40014 SET UNIQUE_CHECKS=@OLD_UNIQUE_CHECKS */;
/*!40101 SET CHARACTER_SET_CLIENT=@OLD_CHARACTER_SET_CLIENT */;
/*!40101 SET CHARACTER_SET_RESULTS=@OLD_CHARACTER_SET_RESULTS */;
/*!40101 SET COLLATION_CONNECTION=@OLD_COLLATION_CONNECTION */;
/*!40111 SET SQL_NOTES=@OLD_SQL_NOTES */;

-- Dump completed on 2011-09-17 14:30:47
